job_id,job_title,company_name,location_raw,location_standard,salary_raw,salary_min,salary_max,salary_avg,experience_raw,exp_min_years,exp_max_years,seniority_level,skills,skills_count,skills_str,role_category,date_posted,job_url,source
careerviet_7198c90fb33d,C&B Executive,,Hồ Chí Minh,Hồ Chí Minh,Lương:Cạnh tranh,,,,Không yêu cầu,0.0,1.0,Fresher / Intern,[],0,,Software Engineer (Chung),Hạn nộp:28-10-2026Cập nhật:12-09-2026,https://careerviet.vn/vi/tim-viec-lam/c-b-executive.35C84FD4.html,CareerViet
careerviet_7118fd98bddb,Kỹ Thuật Viên Quy Trình(Mới),,Bình Dương,Tỉnh thành khác,Lương:10 Tr - 15 Tr VND,10.0,15.0,12.5,Không yêu cầu,0.0,1.0,Fresher / Intern,[],0,,Software Engineer (Chung),Hạn nộp:30-10-2026Cập nhật:12-09-2026,https://careerviet.vn/vi/tim-viec-lam/ky-thuat-vien-quy-trinh.35C86CEC.html,CareerViet
careerviet_250024f54885,"Trưởng Ca Sản Xuất (Production Shift Lead, Line Lead)(Mới)",,Bình Dương,Tỉnh thành khác,Lương:12 Tr - 20 Tr VND,12.0,20.0,16.0,Không yêu cầu,0.0,1.0,Fresher / Intern,[],0,,Software Engineer (Chung),Hạn nộp:30-10-2026Cập nhật:12-09-2026,https://careerviet.vn/vi/tim-viec-lam/truong-ca-san-xuat-production-shift-lead-line-lead.35C86CE9.html,CareerViet
careerviet_43e6e387d7f7,[URGENT] SQE ENGINEER(Mới),,Hồ Chí Minh,Hồ Chí Minh,Lương:Cạnh tranh,,,,Không yêu cầu,0.0,1.0,Fresher / Intern,[],0,,Software Engineer (Chung),Hạn nộp:10-10-2026Cập nhật:12-09-2026,https://careerviet.vn/vi/tim-viec-lam/urgent-sqe-engineer.35C86CE8.html,CareerViet
careerviet_73d9ea5d883a,Chuyên Viên Vận Hành Chuyên Môn(Mới),,Hà Nội,Hà Nội,Lương:Cạnh tranh,,,,Không yêu cầu,0.0,1.0,Fresher / Intern,[],0,,Software Engineer (Chung),Hạn nộp:20-10-2026Cập nhật:12-09-2026,https://careerviet.vn/vi/tim-viec-lam/chuyen-vien-van-hanh-chuyen-mon.35C86CE3.html,CareerViet
careerviet_ed17e5dc2f49,Trưởng Ban Sales OTA(Mới),,Hà NộiHồ Chí Minh,Hà Nội,Lương:20 Tr - 30 Tr VND,20.0,30.0,25.0,Không yêu cầu,0.0,1.0,Fresher / Intern,[],0,,Software Engineer (Chung),Hạn nộp:10-10-2026Cập nhật:12-09-2026,https://careerviet.vn/vi/tim-viec-lam/truong-ban-sales-ota.35C86CE2.html,CareerViet
careerviet_f74504205494,Thư Ký Chuyên Môn Phiên Dịch (Tiếng Nga) - Vinmec Hòn Tre(Mới),,Khánh Hòa,Tỉnh thành khác,Lương:Cạnh tranh,,,,Không yêu cầu,0.0,1.0,Fresher / Intern,[],0,,Software Engineer (Chung),Hạn nộp:15-10-2026Cập nhật:12-09-2026,https://careerviet.vn/vi/tim-viec-lam/thu-ky-chuyen-mon-phien-dich-tieng-nga-vinmec-hon-tre.35C86CDF.html,CareerViet
careerviet_96b6bb44acd5,Nhân viên Giặt là - Vinmec Tuyên Quang(Mới),,Tuyên Quang,Tỉnh thành khác,Lương:Cạnh tranh,,,,Không yêu cầu,0.0,1.0,Fresher / Intern,[],0,,Software Engineer (Chung),Hạn nộp:15-10-2026Cập nhật:12-09-2026,https://careerviet.vn/vi/tim-viec-lam/nhan-vien-giat-la-vinmec-tuyen-quang.35C86CDD.html,CareerViet
careerviet_d55c2f9d365d,Thư Ký Chuyên Môn Phiên Dịch (Tiếng Anh) - Vinmec Hòn Tre (Nha Trang)(Mới),,Khánh Hòa,Tỉnh thành khác,Lương:Cạnh tranh,,,,Không yêu cầu,0.0,1.0,Fresher / Intern,[],0,,Software Engineer (Chung),Hạn nộp:21-10-2026Cập nhật:12-09-2026,https://careerviet.vn/vi/tim-viec-lam/thu-ky-chuyen-mon-phien-dich-tieng-anh-vinmec-hon-tre-nha-trang.35C86CDC.html,CareerViet
careerviet_b050d45ac917,Nhân viên điều phối kế hoạch sản xuất(Mới),,Long An,Tỉnh thành khác,Lương:Cạnh tranh,,,,Không yêu cầu,0.0,1.0,Fresher / Intern,[],0,,Software Engineer (Chung),Hạn nộp:31-10-2026Cập nhật:12-09-2026,https://careerviet.vn/vi/tim-viec-lam/nhan-vien-dieu-phoi-ke-hoach-san-xuat.35C86CD0.html,CareerViet
careerviet_c445bd8d832c,Nhân viên Chăm sóc và Phát triển điểm bán (Merchandiser)(Mới),,Hồ Chí MinhToàn quốc,Hồ Chí Minh,Lương:15 Tr - 20 Tr VND,15.0,20.0,17.5,Không yêu cầu,0.0,1.0,Fresher / Intern,[],0,,Software Engineer (Chung),Hạn nộp:11-10-2026Cập nhật:12-09-2026,https://careerviet.vn/vi/tim-viec-lam/nhan-vien-cham-soc-va-phat-trien-diem-ban-merchandiser.35C86CC9.html,CareerViet
careerviet_f27922ded453,KẾ TOÁN TRƯỞNG(Mới),,Bình Dương,Tỉnh thành khác,Lương:35 Tr - 40 Tr VND,35.0,40.0,37.5,Không yêu cầu,0.0,1.0,Fresher / Intern,[],0,,Software Engineer (Chung),Hạn nộp:31-10-2026Cập nhật:12-09-2026,https://careerviet.vn/vi/tim-viec-lam/ke-toan-truong.35C86CC4.html,CareerViet
careerviet_22c8d36bc400,Bảo Trì Khuôn - Gia Công Cơ Khí(Mới),,Đồng Nai,Tỉnh thành khác,Lương:Cạnh tranh,,,,Không yêu cầu,0.0,1.0,Fresher / Intern,[],0,,Software Engineer (Chung),Hạn nộp:31-10-2026Cập nhật:12-09-2026,https://careerviet.vn/vi/tim-viec-lam/bao-tri-khuon-gia-cong-co-khi.35C86CC3.html,CareerViet
careerviet_36fbfe54a92f,Kế toán Bán Hàng (Cần gấp)(Mới),,Hồ Chí Minh,Hồ Chí Minh,Lương:10 Tr - 12 Tr VND,10.0,12.0,11.0,Không yêu cầu,0.0,1.0,Fresher / Intern,[],0,,Software Engineer (Chung),Hạn nộp:31-10-2026Cập nhật:12-09-2026,https://careerviet.vn/vi/tim-viec-lam/ke-toan-ban-hang-can-gap.35C86CC0.html,CareerViet
careerviet_061cd04e3161,Phó chủ quản kho thành phẩm (Tiếng Hoa)(Mới),,Long An,Tỉnh thành khác,Lương:15 Tr - 25 Tr VND,15.0,25.0,20.0,Không yêu cầu,0.0,1.0,Fresher / Intern,[],0,,Software Engineer (Chung),Hạn nộp:15-10-2026Cập nhật:12-09-2026,https://careerviet.vn/vi/tim-viec-lam/pho-chu-quan-kho-thanh-pham-tieng-hoa.35C86CBE.html,CareerViet
careerviet_01a39f64e0b2,Trưởng phòng Kiểm soát Dự án và vật tư(Mới),,Hồ Chí Minh,Hồ Chí Minh,Lương:Cạnh tranh,,,,Không yêu cầu,0.0,1.0,Fresher / Intern,[],0,,Software Engineer (Chung),Hạn nộp:12-10-2026Cập nhật:12-09-2026,https://careerviet.vn/vi/tim-viec-lam/truong-phong-kiem-soat-du-an-va-vat-tu.35C86CBC.html,CareerViet
careerviet_9197e1da9626,CHUYÊN VIÊN KỸ THUẬT XE Ô TÔ ĐẦU KÉO(Mới),,Bình Dương,Tỉnh thành khác,Lương:20 Tr - 25 Tr VND,20.0,25.0,22.5,Không yêu cầu,0.0,1.0,Fresher / Intern,[],0,,Software Engineer (Chung),Hạn nộp:12-10-2026Cập nhật:12-09-2026,https://careerviet.vn/vi/tim-viec-lam/chuyen-vien-ky-thuat-xe-o-to-dau-keo.35C86CBB.html,CareerViet
careerviet_b6f2d1d589c0,GIÁM ĐỐC XÂY DỰNG CAO TẦNG (Chủ Đầu Tư)(Mới),,Hồ Chí Minh,Hồ Chí Minh,Lương:Cạnh tranh,,,,Không yêu cầu,0.0,1.0,Fresher / Intern,[],0,,Software Engineer (Chung),Hạn nộp:15-11-2026Cập nhật:12-09-2026,https://careerviet.vn/vi/tim-viec-lam/giam-doc-xay-dung-cao-tang-chu-dau-tu.35C86C85.html,CareerViet
careerviet_fbe2dd1aa00a,Nhân Viên QS - Dự Toán Công Trình,,Hồ Chí Minh,Hồ Chí Minh,Lương:14 Tr - 20 Tr VND,14.0,20.0,17.0,Không yêu cầu,0.0,1.0,Fresher / Intern,[],0,,Software Engineer (Chung),Hạn nộp:07-10-2026Cập nhật:12-09-2026,https://careerviet.vn/vi/tim-viec-lam/nhan-vien-qs-du-toan-cong-trinh.35C864F9.html,CareerViet
careerviet_0a3046e629e5,Sales Representative(Mới),,Hồ Chí Minh,Hồ Chí Minh,Lương:8 Tr - 10 Tr VND,8.0,10.0,9.0,Không yêu cầu,0.0,1.0,Fresher / Intern,[],0,,Software Engineer (Chung),Hạn nộp:10-10-2026Cập nhật:12-09-2026,https://careerviet.vn/vi/tim-viec-lam/sales-representative.35C86CAE.html,CareerViet
careerviet_7a8609c29d6d,Trưởng Bộ Phận Marketing(Mới),,Hồ Chí Minh,Hồ Chí Minh,Lương:Cạnh tranh,,,,Không yêu cầu,0.0,1.0,Fresher / Intern,[],0,,Software Engineer (Chung),Hạn nộp:12-10-2026Cập nhật:12-09-2026,https://careerviet.vn/vi/tim-viec-lam/truong-bo-phan-marketing.35C86CAD.html,CareerViet
careerviet_ba9c53ff120b,Trưởng Bộ Phận Media Production(Mới),,Hồ Chí Minh,Hồ Chí Minh,Lương:Cạnh tranh,,,,Không yêu cầu,0.0,1.0,Fresher / Intern,[],0,,Software Engineer (Chung),Hạn nộp:12-10-2026Cập nhật:12-09-2026,https://careerviet.vn/vi/tim-viec-lam/truong-bo-phan-media-production.35C86CA9.html,CareerViet
careerviet_b8e7215b8e35,Senior Finance & Accounting Executive(Mới),,Hồ Chí Minh,Hồ Chí Minh,Lương:15 Tr - 25 Tr VND,15.0,25.0,20.0,Không yêu cầu,0.0,1.0,Fresher / Intern,[],0,,Software Engineer (Chung),Hạn nộp:19-10-2026Cập nhật:12-09-2026,https://careerviet.vn/vi/tim-viec-lam/senior-finance-accounting-executive.35C751EF.html,CareerViet
careerviet_58c85df08e7b,Trưởng Phòng Hành chính Nhân sự - Trưởng phòng HCNS(Mới),,Đồng Nai,Tỉnh thành khác,Lương:30 Tr - 50 Tr VND,30.0,50.0,40.0,Không yêu cầu,0.0,1.0,Fresher / Intern,[],0,,Software Engineer (Chung),Hạn nộp:10-10-2026Cập nhật:12-09-2026,https://careerviet.vn/vi/tim-viec-lam/truong-phong-hanh-chinh-nhan-su-truong-phong-hcns.35C86C3F.html,CareerViet
careerviet_02a4847437a8,Nhân viên HSE(Mới),,Bắc Ninh,Tỉnh thành khác,Lương:14 Tr - 15 Tr VND,14.0,15.0,14.5,Không yêu cầu,0.0,1.0,Fresher / Intern,[],0,,Software Engineer (Chung),Hạn nộp:30-09-2026Cập nhật:12-09-2026,https://careerviet.vn/vi/tim-viec-lam/nhan-vien-hse.35C86C9B.html,CareerViet
careerviet_41b85701119f,Operational Excellent Supervisor - Manufacturing(Mới),,Bình DươngHồ Chí Minh,Hồ Chí Minh,Lương:Cạnh tranh,,,,Không yêu cầu,0.0,1.0,Fresher / Intern,[],0,,Software Engineer (Chung),Hạn nộp:03-10-2026Cập nhật:12-09-2026,https://careerviet.vn/vi/tim-viec-lam/operational-excellent-supervisor-manufacturing.35C86C97.html,CareerViet
careerviet_172c0e5826a3,SALES SUPERVISOR – NESTLÉ PURINA PETCARE,,Hồ Chí Minh,Hồ Chí Minh,Lương:Cạnh tranh,,,,Không yêu cầu,0.0,1.0,Fresher / Intern,[],0,,Software Engineer (Chung),Hạn nộp:30-09-2026Cập nhật:12-09-2026,https://careerviet.vn/vi/tim-viec-lam/sales-supervisor-nestle-purina-petcare.35C84921.html,CareerViet
careerviet_88d796ef46c2,Key Account Manager(Mới),,Hồ Chí Minh,Hồ Chí Minh,Lương:20 Tr - 30 Tr VND,20.0,30.0,25.0,Không yêu cầu,0.0,1.0,Fresher / Intern,[],0,,Software Engineer (Chung),Hạn nộp:12-10-2026Cập nhật:12-09-2026,https://careerviet.vn/vi/tim-viec-lam/key-account-manager.35C86C6D.html,CareerViet
careerviet_aea974d46e2c,Giám đốc kinh doanh MT miền(Mới),,Hà Nội,Hà Nội,Lương:Cạnh tranh,,,,Không yêu cầu,0.0,1.0,Fresher / Intern,[],0,,Software Engineer (Chung),Hạn nộp:30-10-2026Cập nhật:12-09-2026,https://careerviet.vn/vi/tim-viec-lam/giam-doc-kinh-doanh-mt-mien.35C86C84.html,CareerViet
careerviet_f888da0490b0,Phó Tổng Giám đốc Khối Công nghệ(Mới),,Hà Nội,Hà Nội,Lương:Cạnh tranh,,,,Không yêu cầu,0.0,1.0,Fresher / Intern,[],0,,Software Engineer (Chung),Hạn nộp:12-10-2026Cập nhật:12-09-2026,https://careerviet.vn/vi/tim-viec-lam/pho-tong-giam-doc-khoi-cong-nghe.35C86C83.html,CareerViet
careerviet_9909cb84bd4b,Chuyên viên pháp chế(Mới),,Hà Nội,Hà Nội,Lương:15 Tr - 30 Tr VND,15.0,30.0,22.5,Không yêu cầu,0.0,1.0,Fresher / Intern,[],0,,Software Engineer (Chung),Hạn nộp:10-10-2026Cập nhật:12-09-2026,https://careerviet.vn/vi/tim-viec-lam/chuyen-vien-phap-che.35C86C7E.html,CareerViet
careerviet_9b1c14223628,Phó ban pháp chế(Mới),,Hà Nội,Hà Nội,Lương:20 Tr - 40 Tr VND,20.0,40.0,30.0,Không yêu cầu,0.0,1.0,Fresher / Intern,[],0,,Software Engineer (Chung),Hạn nộp:15-10-2026Cập nhật:12-09-2026,https://careerviet.vn/vi/tim-viec-lam/pho-ban-phap-che.35C86C7B.html,CareerViet
careerviet_7b02c577cca7,Trợ lý Tổng Giám Đốc (Mảng Kinh Doanh)(Mới),,Hà Nội,Hà Nội,Lương:20 Tr - 30 Tr VND,20.0,30.0,25.0,Không yêu cầu,0.0,1.0,Fresher / Intern,[],0,,Software Engineer (Chung),Hạn nộp:11-10-2026Cập nhật:12-09-2026,https://careerviet.vn/vi/tim-viec-lam/tro-ly-tong-giam-doc-mang-kinh-doanh.35C86C79.html,CareerViet
careerviet_75c5ab42d21e,Giám sát HSE(Mới),,Đồng Nai,Tỉnh thành khác,Lương:Cạnh tranh,,,,Không yêu cầu,0.0,1.0,Fresher / Intern,[],0,,Software Engineer (Chung),Hạn nộp:26-09-2026Cập nhật:12-09-2026,https://careerviet.vn/vi/tim-viec-lam/giam-sat-hse.35C86C76.html,CareerViet
careerviet_ca0b08777f90,Nhân Viên Phụ Trách ISO(Mới),,Đồng Nai,Tỉnh thành khác,Lương:Cạnh tranh,,,,Không yêu cầu,0.0,1.0,Fresher / Intern,[],0,,Software Engineer (Chung),Hạn nộp:12-10-2026Cập nhật:12-09-2026,https://careerviet.vn/vi/tim-viec-lam/nhan-vien-phu-trach-iso.35C86C00.html,CareerViet
careerviet_718bef95308b,Chuyên Viên Đào Tạo(Mới),,Đồng Nai,Tỉnh thành khác,Lương:Cạnh tranh,,,,Không yêu cầu,0.0,1.0,Fresher / Intern,[],0,,Software Engineer (Chung),Hạn nộp:12-10-2026Cập nhật:12-09-2026,https://careerviet.vn/vi/tim-viec-lam/chuyen-vien-dao-tao.35C86BFF.html,CareerViet
careerviet_3fe603a11ecd,Kỹ Sư Hệ Thống Sản Xuất (MES Engineer)(Mới),,Đồng Nai,Tỉnh thành khác,Lương:17 Tr - 25 Tr VND,17.0,25.0,21.0,Không yêu cầu,0.0,1.0,Fresher / Intern,[],0,,Software Engineer (Chung),Hạn nộp:12-10-2026Cập nhật:12-09-2026,https://careerviet.vn/vi/tim-viec-lam/ky-su-he-thong-san-xuat-mes-engineer.35C86BFE.html,CareerViet
careerviet_058a05de267e,Kỹ Sư Thiết Kế Điện(Mới),,Đồng Nai,Tỉnh thành khác,Lương:17 Tr - 25 Tr VND,17.0,25.0,21.0,Không yêu cầu,0.0,1.0,Fresher / Intern,[],0,,Software Engineer (Chung),Hạn nộp:12-10-2026Cập nhật:12-09-2026,https://careerviet.vn/vi/tim-viec-lam/ky-su-thiet-ke-dien.35C86BFD.html,CareerViet
careerviet_1b8fd47dc462,Kỹ Sư Điện – Nhân Viên Thử Nghiệm Điện(Mới),,Đồng Nai,Tỉnh thành khác,Lương:17 Tr - 25 Tr VND,17.0,25.0,21.0,Không yêu cầu,0.0,1.0,Fresher / Intern,[],0,,Software Engineer (Chung),Hạn nộp:12-10-2026Cập nhật:12-09-2026,https://careerviet.vn/vi/tim-viec-lam/ky-su-dien-nhan-vien-thu-nghiem-dien.35C86BFC.html,CareerViet
careerviet_a8dbdc859ad3,Kế toán thuế(Mới),,Hà Nội,Hà Nội,Lương:Lên đến 20 Tr VND,14.0,20.0,17.0,Không yêu cầu,0.0,1.0,Fresher / Intern,[],0,,Software Engineer (Chung),Hạn nộp:31-10-2026Cập nhật:12-09-2026,https://careerviet.vn/vi/tim-viec-lam/ke-toan-thue.35C86AA4.html,CareerViet
careerviet_6194f178fde6,Kế Toán Doanh Thu(Mới),,Hà Nội,Hà Nội,Lương:Cạnh tranh,,,,Không yêu cầu,0.0,1.0,Fresher / Intern,[],0,,Software Engineer (Chung),Hạn nộp:10-10-2026Cập nhật:12-09-2026,https://careerviet.vn/vi/tim-viec-lam/ke-toan-doanh-thu.35C8695A.html,CareerViet
careerviet_9c76674a8a03,PHỤ TRÁCH KINH DOANH(Mới),,Hà Nội,Hà Nội,Lương:Trên 20 Tr VND,20.0,26.0,23.0,Không yêu cầu,0.0,1.0,Fresher / Intern,[],0,,Software Engineer (Chung),Hạn nộp:31-10-2026Cập nhật:12-09-2026,https://careerviet.vn/vi/tim-viec-lam/phu-trach-kinh-doanh.35C868A4.html,CareerViet
careerviet_71f3c33eeb1f,Nhân Viên Kinh Doanh(Mới),,Hồ Chí Minh,Hồ Chí Minh,Lương:10 Tr - 12 Tr VND,10.0,12.0,11.0,Không yêu cầu,0.0,1.0,Fresher / Intern,[],0,,Software Engineer (Chung),Hạn nộp:30-09-2026Cập nhật:12-09-2026,https://careerviet.vn/vi/tim-viec-lam/nhan-vien-kinh-doanh.35C86834.html,CareerViet
careerviet_4d164ddcea74,Kỹ sư thiết kế máy tự động hóa - Phần Cơ,,Hồ Chí Minh,Hồ Chí Minh,Lương:20 Tr - 25 Tr VND,20.0,25.0,22.5,Không yêu cầu,0.0,1.0,Fresher / Intern,[],0,,Software Engineer (Chung),Hạn nộp:31-10-2026Cập nhật:12-09-2026,https://careerviet.vn/vi/tim-viec-lam/ky-su-thiet-ke-may-tu-dong-hoa-phan-co.35C8665C.html,CareerViet
careerviet_bcb4438fc7d1,Senior Operation Executive,,Hồ Chí Minh,Hồ Chí Minh,Lương:Cạnh tranh,,,,Không yêu cầu,0.0,1.0,Fresher / Intern,[],0,,Software Engineer (Chung),Hạn nộp:31-10-2026Cập nhật:12-09-2026,https://careerviet.vn/vi/tim-viec-lam/senior-operation-executive.35C86600.html,CareerViet
careerviet_7af6094810b1,Trưởng Phòng Quản Lý Triển Khai Dự Án,,Hà Nội,Hà Nội,Lương:Cạnh tranh,,,,Không yêu cầu,0.0,1.0,Fresher / Intern,[],0,,Software Engineer (Chung),Hạn nộp:10-10-2026Cập nhật:12-09-2026,https://careerviet.vn/vi/tim-viec-lam/truong-phong-quan-ly-trien-khai-du-an.35C865C6.html,CareerViet
careerviet_a34a4e7fc088,Chuyên Viên Triển Khai Dự Án,,Hà Nội,Hà Nội,Lương:Cạnh tranh,,,,Không yêu cầu,0.0,1.0,Fresher / Intern,[],0,,Software Engineer (Chung),Hạn nộp:10-10-2026Cập nhật:12-09-2026,https://careerviet.vn/vi/tim-viec-lam/chuyen-vien-trien-khai-du-an.35C865C5.html,CareerViet
careerviet_492ea62b64a9,Brand Owner Trainee,,Hà Nội,Hà Nội,Lương:10 Tr - 15 Tr VND,10.0,15.0,12.5,Không yêu cầu,0.0,1.0,Fresher / Intern,[],0,,Software Engineer (Chung),Hạn nộp:07-10-2026Cập nhật:12-09-2026,https://careerviet.vn/vi/tim-viec-lam/brand-owner-trainee.35C86506.html,CareerViet
careerviet_f738b154e996,Kỹ Thuật Viên Cơ Khí,,Bình Thuận,Tỉnh thành khác,Lương:Cạnh tranh,,,,Không yêu cầu,0.0,1.0,Fresher / Intern,[],0,,Software Engineer (Chung),Hạn nộp:08-10-2026Cập nhật:12-09-2026,https://careerviet.vn/vi/tim-viec-lam/ky-thuat-vien-co-khi.35C8648C.html,CareerViet
careerviet_ababb4c904ff,Nhân Viên Kinh Doanh,,Hồ Chí Minh,Hồ Chí Minh,Lương:15 Tr - 30 Tr VND,15.0,30.0,22.5,Không yêu cầu,0.0,1.0,Fresher / Intern,[],0,,Software Engineer (Chung),Hạn nộp:08-10-2026Cập nhật:12-09-2026,https://careerviet.vn/vi/tim-viec-lam/nhan-vien-kinh-doanh.35C863AF.html,CareerViet
careerviet_4437224f0053,Tìm Ứng Viên,Doanh nghiệp ẩn danh,Hà Nội / TP.HCM,Hà Nội,Thỏa thuận,,,,Không yêu cầu,0.0,1.0,Fresher / Intern,"['Ngành nghề', 'Tỉnh, Thành Phố']",2,"Ngành nghề, Tỉnh, Thành Phố",Software Engineer (Chung),2026-09-12,https://careerviet.vn/vi/tim-ung-vien.html,CareerViet
sim_4d2b0546,Backend Engineer (Golang/Python),Rikkeisoft,Đà Nẵng,Đà Nẵng,25 - 50 triệu,25.0,50.0,37.5,3-5 năm,3.0,5.0,Middle (3-5 năm),"['Docker', 'Golang', 'Kubernetes', 'Linux', 'PostgreSQL', 'Python', 'RESTful API', 'Redis', 'gRPC']",9,"Docker, Golang, Kubernetes, Linux, PostgreSQL, Python, RESTful API, Redis, gRPC",Backend Developer,2026-08-20,https://recruitment.mock.vn/job/sim_4d2b0546,EnrichedMarketData
sim_7a81fc8e,"Data Engineer (Spark, Hadoop, AWS)",MB Bank Digital Hub,Hà Nội,Hà Nội,25 - 46 triệu,25.0,46.0,35.5,3-5 năm,3.0,5.0,Middle (3-5 năm),"['AWS', 'Airflow', 'Apache Kafka', 'Apache Spark', 'Git', 'Hadoop / HDFS', 'Linux', 'Python', 'SQL']",9,"AWS, Airflow, Apache Kafka, Apache Spark, Git, Hadoop / HDFS, Linux, Python, SQL",Data Engineer / Big Data,2026-08-26,https://recruitment.mock.vn/job/sim_7a81fc8e,EnrichedMarketData
sim_c4d8c95a,Frontend Developer (ReactJS/TypeScript),BOSCH Vietnam,Đà Nẵng,Đà Nẵng,1236 - 2337 USD,31.4,59.4,45.4,2-4 năm,2.0,4.0,Middle (3-5 năm),"['Git', 'HTML/CSS', 'Linux', 'RESTful API', 'React', 'Redux', 'TypeScript']",7,"Git, HTML/CSS, Linux, RESTful API, React, Redux, TypeScript",Frontend Developer,2026-09-09,https://recruitment.mock.vn/job/sim_c4d8c95a,EnrichedMarketData
sim_5f3d9f04,Fresher / Intern Software Engineer,Nal Solutions,Remote,Remote / Toàn quốc,Thỏa thuận,,,,Không yêu cầu,0.0,1.0,Fresher / Intern,"['C++', 'Data Structures', 'Docker', 'Git', 'Java', 'OOP', 'RESTful API', 'Redis', 'SQL']",9,"C++, Data Structures, Docker, Git, Java, OOP, RESTful API, Redis, SQL",Backend Developer,2026-08-29,https://recruitment.mock.vn/job/sim_5f3d9f04,EnrichedMarketData
sim_b28a2112,Fullstack .NET & Angular Developer,Sun Asterisk,Remote,Remote / Toàn quốc,1069 - 3173 USD,27.2,80.6,53.9,2-4 năm,2.0,4.0,Middle (3-5 năm),"['.NET Core', 'Angular', 'Azure', 'C#', 'Entity Framework', 'Git', 'Jira', 'Linux', 'SQL']",9,".NET Core, Angular, Azure, C#, Entity Framework, Git, Jira, Linux, SQL",Frontend Developer,2026-08-26,https://recruitment.mock.vn/job/sim_b28a2112,EnrichedMarketData
sim_7c589f14,"Data Engineer (Spark, Hadoop, AWS)",Viettel Solutions,Hồ Chí Minh,Hồ Chí Minh,1327 - 3391 USD,33.7,86.1,59.9,3-5 năm,3.0,5.0,Middle (3-5 năm),"['AWS', 'Airflow', 'Apache Kafka', 'Apache Spark', 'CI/CD', 'Docker', 'Hadoop / HDFS', 'Python', 'SQL']",9,"AWS, Airflow, Apache Kafka, Apache Spark, CI/CD, Docker, Hadoop / HDFS, Python, SQL",Data Engineer / Big Data,2026-08-22,https://recruitment.mock.vn/job/sim_7c589f14,EnrichedMarketData
sim_1125c091,Frontend Developer (ReactJS/TypeScript),Samsung Electronics R&D (SRV),Hà Nội,Hà Nội,1035 - 3363 USD,26.3,85.4,55.9,2-4 năm,2.0,4.0,Middle (3-5 năm),"['Git', 'HTML/CSS', 'RESTful API', 'React', 'Redis', 'Redux', 'TypeScript']",7,"Git, HTML/CSS, RESTful API, React, Redis, Redux, TypeScript",Frontend Developer,2026-09-09,https://recruitment.mock.vn/job/sim_1125c091,EnrichedMarketData
sim_6e86b5cb,Mobile App Developer (Flutter / React Native),VTI Group,Hồ Chí Minh,Hồ Chí Minh,Thỏa thuận,,,,2-4 năm,2.0,4.0,Middle (3-5 năm),"['Android', 'Dart', 'Flutter', 'Git', 'RESTful API', 'React', 'iOS']",7,"Android, Dart, Flutter, Git, RESTful API, React, iOS",Frontend Developer,2026-09-05,https://recruitment.mock.vn/job/sim_6e86b5cb,EnrichedMarketData
sim_4418c293,Mobile App Developer (Flutter / React Native),SmartOSC,Hồ Chí Minh,Hồ Chí Minh,18 - 35 triệu,18.0,35.0,26.5,2-4 năm,2.0,4.0,Middle (3-5 năm),"['Android', 'Dart', 'Docker', 'Flutter', 'Jira', 'RESTful API', 'React', 'iOS']",8,"Android, Dart, Docker, Flutter, Jira, RESTful API, React, iOS",Frontend Developer,2026-09-12,https://recruitment.mock.vn/job/sim_4418c293,EnrichedMarketData
sim_4327b0a3,AI / Machine Learning Engineer,Zalo Group,Đà Nẵng,Đà Nẵng,30 - 70 triệu,30.0,70.0,50.0,2-5 năm,2.0,5.0,Middle (3-5 năm),"['AI / Machine Learning', 'Computer Vision', 'Docker', 'Jira', 'Python', 'RESTful API']",6,"AI / Machine Learning, Computer Vision, Docker, Jira, Python, RESTful API",AI / Machine Learning Engineer,2026-08-17,https://recruitment.mock.vn/job/sim_4327b0a3,EnrichedMarketData
sim_9bde347d,DevOps Engineer,Viettel Solutions,Hà Nội,Hà Nội,29 - 57 triệu,29.0,57.0,43.0,2-5 năm,2.0,5.0,Middle (3-5 năm),"['AWS', 'CI/CD', 'Docker', 'Kubernetes', 'Linux', 'Prometheus', 'RESTful API', 'Terraform']",8,"AWS, CI/CD, Docker, Kubernetes, Linux, Prometheus, RESTful API, Terraform",DevOps / Cloud Engineer,2026-08-15,https://recruitment.mock.vn/job/sim_9bde347d,EnrichedMarketData
sim_690ba398,Frontend Developer (ReactJS/TypeScript),FPT Software,Hồ Chí Minh,Hồ Chí Minh,1235 - 2037 USD,31.4,51.7,41.6,2-4 năm,2.0,4.0,Middle (3-5 năm),"['Docker', 'HTML/CSS', 'Linux', 'RESTful API', 'React', 'Redux', 'TypeScript']",7,"Docker, HTML/CSS, Linux, RESTful API, React, Redux, TypeScript",Frontend Developer,2026-08-23,https://recruitment.mock.vn/job/sim_690ba398,EnrichedMarketData
sim_a09072b1,Frontend Developer (ReactJS/TypeScript),MOMO,Đà Nẵng,Đà Nẵng,1248 - 3334 USD,31.7,84.7,58.2,2-4 năm,2.0,4.0,Middle (3-5 năm),"['HTML/CSS', 'RESTful API', 'React', 'Redux', 'TypeScript']",5,"HTML/CSS, RESTful API, React, Redux, TypeScript",Frontend Developer,2026-09-11,https://recruitment.mock.vn/job/sim_a09072b1,EnrichedMarketData
sim_9666fdae,Junior Python Backend Developer,LG Electronics R&D,Hà Nội,Hà Nội,12 - 20 triệu,12.0,20.0,16.0,1-2 năm,1.0,2.0,Junior (1-2 năm),"['Django / FastAPI', 'Docker', 'Git', 'Linux', 'PostgreSQL', 'Python']",6,"Django / FastAPI, Docker, Git, Linux, PostgreSQL, Python",Backend Developer,2026-08-21,https://recruitment.mock.vn/job/sim_9666fdae,EnrichedMarketData
sim_3f6ed0c3,Frontend Developer (ReactJS/TypeScript),Techcombank,Đà Nẵng,Đà Nẵng,18 - 30 triệu,18.0,30.0,24.0,2-4 năm,2.0,4.0,Middle (3-5 năm),"['HTML/CSS', 'React', 'Redis', 'Redux', 'TypeScript']",5,"HTML/CSS, React, Redis, Redux, TypeScript",Frontend Developer,2026-09-02,https://recruitment.mock.vn/job/sim_3f6ed0c3,EnrichedMarketData
sim_7997c61d,AI / Machine Learning Engineer,VNG Corporation,Hà Nội,Hà Nội,30 - 70 triệu,30.0,70.0,50.0,2-5 năm,2.0,5.0,Middle (3-5 năm),"['AI / Machine Learning', 'Computer Vision', 'Docker', 'Jira', 'Python', 'Redis']",6,"AI / Machine Learning, Computer Vision, Docker, Jira, Python, Redis",AI / Machine Learning Engineer,2026-08-26,https://recruitment.mock.vn/job/sim_7997c61d,EnrichedMarketData
sim_32cf49bc,Fullstack .NET & Angular Developer,KMS Technology,Hà Nội,Hà Nội,30 - 41 triệu,30.0,41.0,35.5,2-4 năm,2.0,4.0,Middle (3-5 năm),"['.NET Core', 'Angular', 'Azure', 'C#', 'CI/CD', 'Docker', 'Entity Framework', 'RESTful API', 'SQL']",9,".NET Core, Angular, Azure, C#, CI/CD, Docker, Entity Framework, RESTful API, SQL",Frontend Developer,2026-09-04,https://recruitment.mock.vn/job/sim_32cf49bc,EnrichedMarketData
sim_cb7438c5,AI / Machine Learning Engineer,VNPT IT,Hồ Chí Minh,Hồ Chí Minh,30 - 70 triệu,30.0,70.0,50.0,2-5 năm,2.0,5.0,Middle (3-5 năm),"['AI / Machine Learning', 'Computer Vision', 'Docker', 'Jira', 'Linux', 'Python']",6,"AI / Machine Learning, Computer Vision, Docker, Jira, Linux, Python",AI / Machine Learning Engineer,2026-09-04,https://recruitment.mock.vn/job/sim_cb7438c5,EnrichedMarketData
sim_24fab095,"Data Engineer (Spark, Hadoop, AWS)",Grab Vietnam,Hà Nội,Hà Nội,17 - 40 triệu,17.0,40.0,28.5,3-5 năm,3.0,5.0,Middle (3-5 năm),"['AWS', 'Airflow', 'Apache Kafka', 'Apache Spark', 'Hadoop / HDFS', 'Python', 'RESTful API', 'Redis', 'SQL']",9,"AWS, Airflow, Apache Kafka, Apache Spark, Hadoop / HDFS, Python, RESTful API, Redis, SQL",Data Engineer / Big Data,2026-08-18,https://recruitment.mock.vn/job/sim_24fab095,EnrichedMarketData
sim_b183b38f,Frontend Developer (ReactJS/TypeScript),MB Bank Digital Hub,Đà Nẵng,Đà Nẵng,Thỏa thuận,,,,2-4 năm,2.0,4.0,Middle (3-5 năm),"['Docker', 'HTML/CSS', 'RESTful API', 'React', 'Redis', 'Redux', 'TypeScript']",7,"Docker, HTML/CSS, RESTful API, React, Redis, Redux, TypeScript",Frontend Developer,2026-09-01,https://recruitment.mock.vn/job/sim_b183b38f,EnrichedMarketData
sim_65b7f2bc,"Data Engineer (Spark, Hadoop, AWS)",VPBank Digital Banking,Đà Nẵng,Đà Nẵng,20 - 44 triệu,20.0,44.0,32.0,3-5 năm,3.0,5.0,Middle (3-5 năm),"['AWS', 'Airflow', 'Apache Kafka', 'Apache Spark', 'Git', 'Hadoop / HDFS', 'Jira', 'Python', 'SQL']",9,"AWS, Airflow, Apache Kafka, Apache Spark, Git, Hadoop / HDFS, Jira, Python, SQL",Data Engineer / Big Data,2026-08-21,https://recruitment.mock.vn/job/sim_65b7f2bc,EnrichedMarketData
sim_65523eb5,DevOps Engineer,Nal Solutions,Hà Nội,Hà Nội,Thỏa thuận,,,,2-5 năm,2.0,5.0,Middle (3-5 năm),"['AWS', 'CI/CD', 'Docker', 'Kubernetes', 'Linux', 'Prometheus', 'Redis', 'Terraform']",8,"AWS, CI/CD, Docker, Kubernetes, Linux, Prometheus, Redis, Terraform",DevOps / Cloud Engineer,2026-08-18,https://recruitment.mock.vn/job/sim_65523eb5,EnrichedMarketData
sim_b0105c5b,"Data Analyst (Power BI, SQL, Python)",FPT Software,Đà Nẵng,Đà Nẵng,19 - 48 triệu,19.0,48.0,33.5,1-3 năm,1.0,3.0,Middle (3-5 năm),"['Data Modeling', 'Excel', 'Jira', 'Power BI / BI', 'Python', 'SQL']",6,"Data Modeling, Excel, Jira, Power BI / BI, Python, SQL",Data Analyst / BI,2026-08-27,https://recruitment.mock.vn/job/sim_b0105c5b,EnrichedMarketData
sim_477b00ae,AI / Machine Learning Engineer,Viettel Solutions,Hà Nội,Hà Nội,1682 - 3432 USD,42.7,87.2,64.9,2-5 năm,2.0,5.0,Middle (3-5 năm),"['AI / Machine Learning', 'CI/CD', 'Computer Vision', 'Docker', 'Python', 'RESTful API']",6,"AI / Machine Learning, CI/CD, Computer Vision, Docker, Python, RESTful API",AI / Machine Learning Engineer,2026-08-16,https://recruitment.mock.vn/job/sim_477b00ae,EnrichedMarketData
sim_9f0a58a1,Backend Engineer (Golang/Python),One Mount Group,Hồ Chí Minh,Hồ Chí Minh,1070 - 2385 USD,27.2,60.6,43.9,3-5 năm,3.0,5.0,Middle (3-5 năm),"['Git', 'Golang', 'Kubernetes', 'Linux', 'PostgreSQL', 'Python', 'Redis', 'gRPC']",8,"Git, Golang, Kubernetes, Linux, PostgreSQL, Python, Redis, gRPC",Backend Developer,2026-08-19,https://recruitment.mock.vn/job/sim_9f0a58a1,EnrichedMarketData
sim_2294e1c7,Frontend Developer (ReactJS/TypeScript),VNG Corporation,Hà Nội,Hà Nội,26 - 54 triệu,26.0,54.0,40.0,2-4 năm,2.0,4.0,Middle (3-5 năm),"['HTML/CSS', 'Linux', 'RESTful API', 'React', 'Redux', 'TypeScript']",6,"HTML/CSS, Linux, RESTful API, React, Redux, TypeScript",Frontend Developer,2026-08-30,https://recruitment.mock.vn/job/sim_2294e1c7,EnrichedMarketData
sim_e61bd8d6,Mobile App Developer (Flutter / React Native),NashTech Vietnam,Hồ Chí Minh,Hồ Chí Minh,1163 - 2014 USD,29.5,51.2,40.3,2-4 năm,2.0,4.0,Middle (3-5 năm),"['Android', 'Dart', 'Flutter', 'Linux', 'RESTful API', 'React', 'iOS']",7,"Android, Dart, Flutter, Linux, RESTful API, React, iOS",Frontend Developer,2026-09-05,https://recruitment.mock.vn/job/sim_e61bd8d6,EnrichedMarketData
sim_7bce4d84,"Data Analyst (Power BI, SQL, Python)",Sun Asterisk,Remote,Remote / Toàn quốc,26 - 42 triệu,26.0,42.0,34.0,1-3 năm,1.0,3.0,Middle (3-5 năm),"['Data Modeling', 'Docker', 'Excel', 'Jira', 'Power BI / BI', 'Python', 'SQL']",7,"Data Modeling, Docker, Excel, Jira, Power BI / BI, Python, SQL",Data Analyst / BI,2026-09-03,https://recruitment.mock.vn/job/sim_7bce4d84,EnrichedMarketData
sim_d2917801,Senior Java Developer,LG Electronics R&D,Đà Nẵng,Đà Nẵng,1106 - 2334 USD,28.1,59.3,43.7,4-6 năm,4.0,6.0,Senior / Lead (>5 năm),"['Apache Kafka', 'Docker', 'Java', 'Microservices', 'MySQL', 'Redis', 'Spring Boot']",7,"Apache Kafka, Docker, Java, Microservices, MySQL, Redis, Spring Boot",Backend Developer,2026-08-21,https://recruitment.mock.vn/job/sim_d2917801,EnrichedMarketData
sim_ee62ce0a,Fresher / Intern Software Engineer,VNG Corporation,Đà Nẵng,Đà Nẵng,24 - 43 triệu,24.0,43.0,33.5,Không yêu cầu,0.0,1.0,Fresher / Intern,"['C++', 'CI/CD', 'Data Structures', 'Docker', 'Git', 'Java', 'OOP', 'Redis', 'SQL']",9,"C++, CI/CD, Data Structures, Docker, Git, Java, OOP, Redis, SQL",Backend Developer,2026-09-03,https://recruitment.mock.vn/job/sim_ee62ce0a,EnrichedMarketData
sim_56ed9337,Fresher / Intern Software Engineer,SmartOSC,Đà Nẵng,Đà Nẵng,1407 - 2871 USD,35.7,72.9,54.3,Không yêu cầu,0.0,1.0,Fresher / Intern,"['C++', 'CI/CD', 'Data Structures', 'Git', 'Java', 'Jira', 'OOP', 'Redis', 'SQL']",9,"C++, CI/CD, Data Structures, Git, Java, Jira, OOP, Redis, SQL",Backend Developer,2026-08-21,https://recruitment.mock.vn/job/sim_56ed9337,EnrichedMarketData
sim_3bc018f7,Mobile App Developer (Flutter / React Native),FPT Software,Remote,Remote / Toàn quốc,1643 - 3270 USD,41.7,83.1,62.4,2-4 năm,2.0,4.0,Middle (3-5 năm),"['Android', 'Dart', 'Flutter', 'Jira', 'RESTful API', 'React', 'Redis', 'iOS']",8,"Android, Dart, Flutter, Jira, RESTful API, React, Redis, iOS",Frontend Developer,2026-08-15,https://recruitment.mock.vn/job/sim_3bc018f7,EnrichedMarketData
sim_85111bee,AI / Machine Learning Engineer,FPT Software,Remote,Remote / Toàn quốc,Thỏa thuận,,,,2-5 năm,2.0,5.0,Middle (3-5 năm),"['AI / Machine Learning', 'CI/CD', 'Computer Vision', 'Docker', 'Python']",5,"AI / Machine Learning, CI/CD, Computer Vision, Docker, Python",AI / Machine Learning Engineer,2026-08-18,https://recruitment.mock.vn/job/sim_85111bee,EnrichedMarketData
sim_388ec7e1,Senior Java Developer,Enouvo IT Solutions,Hồ Chí Minh,Hồ Chí Minh,Thỏa thuận,,,,4-6 năm,4.0,6.0,Senior / Lead (>5 năm),"['Apache Kafka', 'Docker', 'Git', 'Java', 'Microservices', 'MySQL', 'Spring Boot']",7,"Apache Kafka, Docker, Git, Java, Microservices, MySQL, Spring Boot",Backend Developer,2026-09-05,https://recruitment.mock.vn/job/sim_388ec7e1,EnrichedMarketData
sim_c56b1e9b,Junior Python Backend Developer,VTI Group,Remote,Remote / Toàn quốc,12 - 20 triệu,12.0,20.0,16.0,1-2 năm,1.0,2.0,Junior (1-2 năm),"['Django / FastAPI', 'Docker', 'Git', 'Linux', 'PostgreSQL', 'Python', 'Redis']",7,"Django / FastAPI, Docker, Git, Linux, PostgreSQL, Python, Redis",Backend Developer,2026-08-19,https://recruitment.mock.vn/job/sim_c56b1e9b,EnrichedMarketData
sim_41014c64,AI / Machine Learning Engineer,SmartOSC,Remote,Remote / Toàn quốc,Thỏa thuận,,,,2-5 năm,2.0,5.0,Middle (3-5 năm),"['AI / Machine Learning', 'Computer Vision', 'Docker', 'Git', 'Linux', 'Python']",6,"AI / Machine Learning, Computer Vision, Docker, Git, Linux, Python",AI / Machine Learning Engineer,2026-09-01,https://recruitment.mock.vn/job/sim_41014c64,EnrichedMarketData
sim_bc7f3f9f,Fullstack .NET & Angular Developer,Tiki Corporation,Remote,Remote / Toàn quốc,21 - 58 triệu,21.0,58.0,39.5,2-4 năm,2.0,4.0,Middle (3-5 năm),"['.NET Core', 'Angular', 'Azure', 'C#', 'CI/CD', 'Entity Framework', 'RESTful API', 'SQL']",8,".NET Core, Angular, Azure, C#, CI/CD, Entity Framework, RESTful API, SQL",Frontend Developer,2026-08-14,https://recruitment.mock.vn/job/sim_bc7f3f9f,EnrichedMarketData
sim_0898f75b,"Data Analyst (Power BI, SQL, Python)",Shopee Vietnam,Remote,Remote / Toàn quốc,19 - 50 triệu,19.0,50.0,34.5,1-3 năm,1.0,3.0,Middle (3-5 năm),"['Data Modeling', 'Docker', 'Excel', 'Power BI / BI', 'Python', 'RESTful API', 'Redis', 'SQL']",8,"Data Modeling, Docker, Excel, Power BI / BI, Python, RESTful API, Redis, SQL",Data Analyst / BI,2026-09-09,https://recruitment.mock.vn/job/sim_0898f75b,EnrichedMarketData
sim_a3b75357,Mobile App Developer (Flutter / React Native),Viettel Solutions,Hồ Chí Minh,Hồ Chí Minh,1323 - 2690 USD,33.6,68.3,51.0,2-4 năm,2.0,4.0,Middle (3-5 năm),"['Android', 'CI/CD', 'Dart', 'Flutter', 'RESTful API', 'React', 'iOS']",7,"Android, CI/CD, Dart, Flutter, RESTful API, React, iOS",Frontend Developer,2026-08-30,https://recruitment.mock.vn/job/sim_a3b75357,EnrichedMarketData
sim_f9ef7ca9,"Data Engineer (Spark, Hadoop, AWS)",LG Electronics R&D,Remote,Remote / Toàn quốc,Thỏa thuận,,,,3-5 năm,3.0,5.0,Middle (3-5 năm),"['AWS', 'Airflow', 'Apache Kafka', 'Apache Spark', 'Docker', 'Hadoop / HDFS', 'Python', 'RESTful API', 'SQL']",9,"AWS, Airflow, Apache Kafka, Apache Spark, Docker, Hadoop / HDFS, Python, RESTful API, SQL",Data Engineer / Big Data,2026-08-14,https://recruitment.mock.vn/job/sim_f9ef7ca9,EnrichedMarketData
sim_63c6196a,Senior Java Developer,Techcombank,Remote,Remote / Toàn quốc,35 - 55 triệu,35.0,55.0,45.0,4-6 năm,4.0,6.0,Senior / Lead (>5 năm),"['Apache Kafka', 'Docker', 'Java', 'Linux', 'Microservices', 'MySQL', 'Spring Boot']",7,"Apache Kafka, Docker, Java, Linux, Microservices, MySQL, Spring Boot",Backend Developer,2026-08-23,https://recruitment.mock.vn/job/sim_63c6196a,EnrichedMarketData
sim_7fc5b4c8,"Data Analyst (Power BI, SQL, Python)",Enouvo IT Solutions,Đà Nẵng,Đà Nẵng,21 - 42 triệu,21.0,42.0,31.5,1-3 năm,1.0,3.0,Middle (3-5 năm),"['Data Modeling', 'Excel', 'Git', 'Linux', 'Power BI / BI', 'Python', 'SQL']",7,"Data Modeling, Excel, Git, Linux, Power BI / BI, Python, SQL",Data Analyst / BI,2026-08-28,https://recruitment.mock.vn/job/sim_7fc5b4c8,EnrichedMarketData
sim_b7d215fc,"Data Engineer (Spark, Hadoop, AWS)",MOMO,Hà Nội,Hà Nội,18 - 56 triệu,18.0,56.0,37.0,3-5 năm,3.0,5.0,Middle (3-5 năm),"['AWS', 'Airflow', 'Apache Kafka', 'Apache Spark', 'Docker', 'Hadoop / HDFS', 'Jira', 'Linux', 'Python', 'SQL']",10,"AWS, Airflow, Apache Kafka, Apache Spark, Docker, Hadoop / HDFS, Jira, Linux, Python, SQL",Data Engineer / Big Data,2026-09-03,https://recruitment.mock.vn/job/sim_b7d215fc,EnrichedMarketData
sim_0baaf03d,Mobile App Developer (Flutter / React Native),MB Bank Digital Hub,Hồ Chí Minh,Hồ Chí Minh,19 - 47 triệu,19.0,47.0,33.0,2-4 năm,2.0,4.0,Middle (3-5 năm),"['Android', 'Dart', 'Flutter', 'Git', 'Jira', 'Linux', 'RESTful API', 'React', 'iOS']",9,"Android, Dart, Flutter, Git, Jira, Linux, RESTful API, React, iOS",Frontend Developer,2026-09-10,https://recruitment.mock.vn/job/sim_0baaf03d,EnrichedMarketData
sim_74bd8a2f,Backend Engineer (Golang/Python),VNG Corporation,Hồ Chí Minh,Hồ Chí Minh,Thỏa thuận,,,,3-5 năm,3.0,5.0,Middle (3-5 năm),"['Git', 'Golang', 'Kubernetes', 'Linux', 'PostgreSQL', 'Python', 'Redis', 'gRPC']",8,"Git, Golang, Kubernetes, Linux, PostgreSQL, Python, Redis, gRPC",Backend Developer,2026-08-30,https://recruitment.mock.vn/job/sim_74bd8a2f,EnrichedMarketData
sim_4fbefea8,"Data Engineer (Spark, Hadoop, AWS)",BOSCH Vietnam,Hà Nội,Hà Nội,30 - 60 triệu,30.0,60.0,45.0,3-5 năm,3.0,5.0,Middle (3-5 năm),"['AWS', 'Airflow', 'Apache Kafka', 'Apache Spark', 'Hadoop / HDFS', 'Jira', 'Python', 'SQL']",8,"AWS, Airflow, Apache Kafka, Apache Spark, Hadoop / HDFS, Jira, Python, SQL",Data Engineer / Big Data,2026-08-16,https://recruitment.mock.vn/job/sim_4fbefea8,EnrichedMarketData
sim_45387aad,QA / QC Automation Engineer,NashTech Vietnam,Đà Nẵng,Đà Nẵng,Thỏa thuận,,,,2-4 năm,2.0,4.0,Middle (3-5 năm),"['Appium', 'JMeter', 'Java', 'Linux', 'Postman', 'Python', 'Redis', 'Selenium']",8,"Appium, JMeter, Java, Linux, Postman, Python, Redis, Selenium",QA / QC / Automation Tester,2026-08-26,https://recruitment.mock.vn/job/sim_45387aad,EnrichedMarketData
sim_cc2c97bf,Backend Engineer (Golang/Python),Shopee Vietnam,Hồ Chí Minh,Hồ Chí Minh,1434 - 2522 USD,36.4,64.1,50.2,3-5 năm,3.0,5.0,Middle (3-5 năm),"['Golang', 'Kubernetes', 'Linux', 'PostgreSQL', 'Python', 'RESTful API', 'Redis', 'gRPC']",8,"Golang, Kubernetes, Linux, PostgreSQL, Python, RESTful API, Redis, gRPC",Backend Developer,2026-08-26,https://recruitment.mock.vn/job/sim_cc2c97bf,EnrichedMarketData
sim_15db95e1,DevOps Engineer,NAB Innovation Centre Vietnam,Đà Nẵng,Đà Nẵng,20 - 38 triệu,20.0,38.0,29.0,2-5 năm,2.0,5.0,Middle (3-5 năm),"['AWS', 'CI/CD', 'Docker', 'Jira', 'Kubernetes', 'Linux', 'Prometheus', 'Terraform']",8,"AWS, CI/CD, Docker, Jira, Kubernetes, Linux, Prometheus, Terraform",DevOps / Cloud Engineer,2026-09-08,https://recruitment.mock.vn/job/sim_15db95e1,EnrichedMarketData
sim_be19cd08,"Data Engineer (Spark, Hadoop, AWS)",Samsung Electronics R&D (SRV),Hà Nội,Hà Nội,Thỏa thuận,,,,3-5 năm,3.0,5.0,Middle (3-5 năm),"['AWS', 'Airflow', 'Apache Kafka', 'Apache Spark', 'CI/CD', 'Hadoop / HDFS', 'Python', 'RESTful API', 'SQL']",9,"AWS, Airflow, Apache Kafka, Apache Spark, CI/CD, Hadoop / HDFS, Python, RESTful API, SQL",Data Engineer / Big Data,2026-08-21,https://recruitment.mock.vn/job/sim_be19cd08,EnrichedMarketData
sim_7a68fb4b,Fullstack .NET & Angular Developer,One Mount Group,Đà Nẵng,Đà Nẵng,28 - 49 triệu,28.0,49.0,38.5,2-4 năm,2.0,4.0,Middle (3-5 năm),"['.NET Core', 'Angular', 'Azure', 'C#', 'CI/CD', 'Entity Framework', 'Redis', 'SQL']",8,".NET Core, Angular, Azure, C#, CI/CD, Entity Framework, Redis, SQL",Frontend Developer,2026-08-19,https://recruitment.mock.vn/job/sim_7a68fb4b,EnrichedMarketData
sim_7c8ac420,Frontend Developer (ReactJS/TypeScript),Sun Asterisk,Hồ Chí Minh,Hồ Chí Minh,25 - 38 triệu,25.0,38.0,31.5,2-4 năm,2.0,4.0,Middle (3-5 năm),"['Docker', 'Git', 'HTML/CSS', 'Linux', 'React', 'Redux', 'TypeScript']",7,"Docker, Git, HTML/CSS, Linux, React, Redux, TypeScript",Frontend Developer,2026-08-21,https://recruitment.mock.vn/job/sim_7c8ac420,EnrichedMarketData
sim_c6d81db4,"Data Analyst (Power BI, SQL, Python)",Viettel Solutions,Hồ Chí Minh,Hồ Chí Minh,1720 - 2462 USD,43.7,62.5,53.1,1-3 năm,1.0,3.0,Middle (3-5 năm),"['CI/CD', 'Data Modeling', 'Excel', 'Power BI / BI', 'Python', 'Redis', 'SQL']",7,"CI/CD, Data Modeling, Excel, Power BI / BI, Python, Redis, SQL",Data Analyst / BI,2026-09-01,https://recruitment.mock.vn/job/sim_c6d81db4,EnrichedMarketData
sim_026fd60a,QA / QC Automation Engineer,Sutrix Group,Hồ Chí Minh,Hồ Chí Minh,1569 - 2142 USD,39.9,54.4,47.1,2-4 năm,2.0,4.0,Middle (3-5 năm),"['Appium', 'JMeter', 'Java', 'Jira', 'Postman', 'Python', 'Selenium']",7,"Appium, JMeter, Java, Jira, Postman, Python, Selenium",QA / QC / Automation Tester,2026-08-13,https://recruitment.mock.vn/job/sim_026fd60a,EnrichedMarketData
sim_afe3f6e9,Backend Engineer (Golang/Python),LG Electronics R&D,Hồ Chí Minh,Hồ Chí Minh,Thỏa thuận,,,,3-5 năm,3.0,5.0,Middle (3-5 năm),"['Docker', 'Git', 'Golang', 'Kubernetes', 'PostgreSQL', 'Python', 'Redis', 'gRPC']",8,"Docker, Git, Golang, Kubernetes, PostgreSQL, Python, Redis, gRPC",Backend Developer,2026-08-31,https://recruitment.mock.vn/job/sim_afe3f6e9,EnrichedMarketData
sim_7a50a1d7,"Data Engineer (Spark, Hadoop, AWS)",Techcombank,Remote,Remote / Toàn quốc,Thỏa thuận,,,,3-5 năm,3.0,5.0,Middle (3-5 năm),"['AWS', 'Airflow', 'Apache Kafka', 'Apache Spark', 'Docker', 'Hadoop / HDFS', 'Jira', 'Python', 'Redis', 'SQL']",10,"AWS, Airflow, Apache Kafka, Apache Spark, Docker, Hadoop / HDFS, Jira, Python, Redis, SQL",Data Engineer / Big Data,2026-09-11,https://recruitment.mock.vn/job/sim_7a50a1d7,EnrichedMarketData
sim_01645918,"Data Analyst (Power BI, SQL, Python)",Techcombank,Remote,Remote / Toàn quốc,1292 - 2662 USD,32.8,67.6,50.2,1-3 năm,1.0,3.0,Middle (3-5 năm),"['CI/CD', 'Data Modeling', 'Excel', 'Power BI / BI', 'Python', 'Redis', 'SQL']",7,"CI/CD, Data Modeling, Excel, Power BI / BI, Python, Redis, SQL",Data Analyst / BI,2026-08-28,https://recruitment.mock.vn/job/sim_01645918,EnrichedMarketData
sim_42b946d8,Backend Engineer (Golang/Python),SmartOSC,Remote,Remote / Toàn quốc,Thỏa thuận,,,,3-5 năm,3.0,5.0,Middle (3-5 năm),"['Git', 'Golang', 'Kubernetes', 'PostgreSQL', 'Python', 'RESTful API', 'Redis', 'gRPC']",8,"Git, Golang, Kubernetes, PostgreSQL, Python, RESTful API, Redis, gRPC",Backend Developer,2026-08-24,https://recruitment.mock.vn/job/sim_42b946d8,EnrichedMarketData
sim_85db6885,QA / QC Automation Engineer,DEK Technologies,Hồ Chí Minh,Hồ Chí Minh,16 - 32 triệu,16.0,32.0,24.0,2-4 năm,2.0,4.0,Middle (3-5 năm),"['Appium', 'JMeter', 'Java', 'Postman', 'Python', 'Redis', 'Selenium']",7,"Appium, JMeter, Java, Postman, Python, Redis, Selenium",QA / QC / Automation Tester,2026-08-15,https://recruitment.mock.vn/job/sim_85db6885,EnrichedMarketData
sim_daa24d95,Junior Python Backend Developer,DEK Technologies,Hà Nội,Hà Nội,12 - 20 triệu,12.0,20.0,16.0,1-2 năm,1.0,2.0,Junior (1-2 năm),"['Django / FastAPI', 'Docker', 'Git', 'Linux', 'PostgreSQL', 'Python', 'RESTful API']",7,"Django / FastAPI, Docker, Git, Linux, PostgreSQL, Python, RESTful API",Backend Developer,2026-08-15,https://recruitment.mock.vn/job/sim_daa24d95,EnrichedMarketData
sim_2849a006,Junior Python Backend Developer,Sutrix Group,Hồ Chí Minh,Hồ Chí Minh,1666 - 3038 USD,42.3,77.2,59.7,1-2 năm,1.0,2.0,Junior (1-2 năm),"['Django / FastAPI', 'Docker', 'Git', 'PostgreSQL', 'Python', 'Redis']",6,"Django / FastAPI, Docker, Git, PostgreSQL, Python, Redis",Backend Developer,2026-09-04,https://recruitment.mock.vn/job/sim_2849a006,EnrichedMarketData
sim_bd68b43d,QA / QC Automation Engineer,Sun Asterisk,Đà Nẵng,Đà Nẵng,16 - 32 triệu,16.0,32.0,24.0,2-4 năm,2.0,4.0,Middle (3-5 năm),"['Appium', 'CI/CD', 'JMeter', 'Java', 'Jira', 'Postman', 'Python', 'RESTful API', 'Selenium']",9,"Appium, CI/CD, JMeter, Java, Jira, Postman, Python, RESTful API, Selenium",QA / QC / Automation Tester,2026-08-22,https://recruitment.mock.vn/job/sim_bd68b43d,EnrichedMarketData
sim_5c7e1eb6,Mobile App Developer (Flutter / React Native),Zalo Group,Remote,Remote / Toàn quốc,24 - 48 triệu,24.0,48.0,36.0,2-4 năm,2.0,4.0,Middle (3-5 năm),"['Android', 'CI/CD', 'Dart', 'Flutter', 'Jira', 'RESTful API', 'React', 'iOS']",8,"Android, CI/CD, Dart, Flutter, Jira, RESTful API, React, iOS",Frontend Developer,2026-08-22,https://recruitment.mock.vn/job/sim_5c7e1eb6,EnrichedMarketData
sim_417ee435,AI / Machine Learning Engineer,Sun Asterisk,Hà Nội,Hà Nội,Thỏa thuận,,,,2-5 năm,2.0,5.0,Middle (3-5 năm),"['AI / Machine Learning', 'Computer Vision', 'Docker', 'Linux', 'Python']",5,"AI / Machine Learning, Computer Vision, Docker, Linux, Python",AI / Machine Learning Engineer,2026-08-18,https://recruitment.mock.vn/job/sim_417ee435,EnrichedMarketData
sim_45bc8696,AI / Machine Learning Engineer,Samsung Electronics R&D (SRV),Hồ Chí Minh,Hồ Chí Minh,22 - 52 triệu,22.0,52.0,37.0,2-5 năm,2.0,5.0,Middle (3-5 năm),"['AI / Machine Learning', 'CI/CD', 'Computer Vision', 'Docker', 'Linux', 'Python', 'Redis']",7,"AI / Machine Learning, CI/CD, Computer Vision, Docker, Linux, Python, Redis",AI / Machine Learning Engineer,2026-09-11,https://recruitment.mock.vn/job/sim_45bc8696,EnrichedMarketData
sim_d6aa663f,Frontend Developer (ReactJS/TypeScript),NashTech Vietnam,Đà Nẵng,Đà Nẵng,Thỏa thuận,,,,2-4 năm,2.0,4.0,Middle (3-5 năm),"['CI/CD', 'Git', 'HTML/CSS', 'RESTful API', 'React', 'Redux', 'TypeScript']",7,"CI/CD, Git, HTML/CSS, RESTful API, React, Redux, TypeScript",Frontend Developer,2026-08-27,https://recruitment.mock.vn/job/sim_d6aa663f,EnrichedMarketData
sim_39f541a7,Backend Engineer (Golang/Python),DEK Technologies,Remote,Remote / Toàn quốc,Thỏa thuận,,,,3-5 năm,3.0,5.0,Middle (3-5 năm),"['CI/CD', 'Git', 'Golang', 'Kubernetes', 'PostgreSQL', 'Python', 'Redis', 'gRPC']",8,"CI/CD, Git, Golang, Kubernetes, PostgreSQL, Python, Redis, gRPC",Backend Developer,2026-09-11,https://recruitment.mock.vn/job/sim_39f541a7,EnrichedMarketData
sim_42bf151d,AI / Machine Learning Engineer,MB Bank Digital Hub,Hồ Chí Minh,Hồ Chí Minh,30 - 70 triệu,30.0,70.0,50.0,2-5 năm,2.0,5.0,Middle (3-5 năm),"['AI / Machine Learning', 'Computer Vision', 'Docker', 'Git', 'Jira', 'Python', 'Redis']",7,"AI / Machine Learning, Computer Vision, Docker, Git, Jira, Python, Redis",AI / Machine Learning Engineer,2026-08-24,https://recruitment.mock.vn/job/sim_42bf151d,EnrichedMarketData
sim_903a9a1b,AI / Machine Learning Engineer,Techcombank,Hà Nội,Hà Nội,30 - 70 triệu,30.0,70.0,50.0,2-5 năm,2.0,5.0,Middle (3-5 năm),"['AI / Machine Learning', 'Computer Vision', 'Docker', 'Linux', 'Python', 'RESTful API']",6,"AI / Machine Learning, Computer Vision, Docker, Linux, Python, RESTful API",AI / Machine Learning Engineer,2026-08-21,https://recruitment.mock.vn/job/sim_903a9a1b,EnrichedMarketData
sim_ce0d892d,Fullstack .NET & Angular Developer,MB Bank Digital Hub,Hà Nội,Hà Nội,Thỏa thuận,,,,2-4 năm,2.0,4.0,Middle (3-5 năm),"['.NET Core', 'Angular', 'Azure', 'C#', 'Entity Framework', 'Jira', 'Redis', 'SQL']",8,".NET Core, Angular, Azure, C#, Entity Framework, Jira, Redis, SQL",Frontend Developer,2026-08-29,https://recruitment.mock.vn/job/sim_ce0d892d,EnrichedMarketData
sim_2217cc16,Junior Python Backend Developer,NashTech Vietnam,Hồ Chí Minh,Hồ Chí Minh,18 - 52 triệu,18.0,52.0,35.0,1-2 năm,1.0,2.0,Junior (1-2 năm),"['Django / FastAPI', 'Docker', 'Git', 'PostgreSQL', 'Python', 'Redis']",6,"Django / FastAPI, Docker, Git, PostgreSQL, Python, Redis",Backend Developer,2026-08-31,https://recruitment.mock.vn/job/sim_2217cc16,EnrichedMarketData
sim_d0eec652,"Data Analyst (Power BI, SQL, Python)",MOMO,Hồ Chí Minh,Hồ Chí Minh,1634 - 2562 USD,41.5,65.1,53.3,1-3 năm,1.0,3.0,Middle (3-5 năm),"['Data Modeling', 'Docker', 'Excel', 'Jira', 'Power BI / BI', 'Python', 'Redis', 'SQL']",8,"Data Modeling, Docker, Excel, Jira, Power BI / BI, Python, Redis, SQL",Data Analyst / BI,2026-08-14,https://recruitment.mock.vn/job/sim_d0eec652,EnrichedMarketData
sim_14b6bafc,Senior Java Developer,Rikkeisoft,Hồ Chí Minh,Hồ Chí Minh,35 - 55 triệu,35.0,55.0,45.0,4-6 năm,4.0,6.0,Senior / Lead (>5 năm),"['Apache Kafka', 'Docker', 'Java', 'Linux', 'Microservices', 'MySQL', 'RESTful API', 'Spring Boot']",8,"Apache Kafka, Docker, Java, Linux, Microservices, MySQL, RESTful API, Spring Boot",Backend Developer,2026-09-12,https://recruitment.mock.vn/job/sim_14b6bafc,EnrichedMarketData
sim_351a54af,QA / QC Automation Engineer,One Mount Group,Đà Nẵng,Đà Nẵng,28 - 52 triệu,28.0,52.0,40.0,2-4 năm,2.0,4.0,Middle (3-5 năm),"['Appium', 'JMeter', 'Java', 'Jira', 'Postman', 'Python', 'RESTful API', 'Redis', 'Selenium']",9,"Appium, JMeter, Java, Jira, Postman, Python, RESTful API, Redis, Selenium",QA / QC / Automation Tester,2026-08-18,https://recruitment.mock.vn/job/sim_351a54af,EnrichedMarketData
sim_32fe758e,Fullstack .NET & Angular Developer,Samsung Electronics R&D (SRV),Hà Nội,Hà Nội,Thỏa thuận,,,,2-4 năm,2.0,4.0,Middle (3-5 năm),"['.NET Core', 'Angular', 'Azure', 'C#', 'Docker', 'Entity Framework', 'SQL']",7,".NET Core, Angular, Azure, C#, Docker, Entity Framework, SQL",Frontend Developer,2026-08-18,https://recruitment.mock.vn/job/sim_32fe758e,EnrichedMarketData
sim_ec5f3f68,Backend Engineer (Golang/Python),Zalo Group,Hồ Chí Minh,Hồ Chí Minh,25 - 45 triệu,25.0,45.0,35.0,3-5 năm,3.0,5.0,Middle (3-5 năm),"['Git', 'Golang', 'Kubernetes', 'PostgreSQL', 'Python', 'Redis', 'gRPC']",7,"Git, Golang, Kubernetes, PostgreSQL, Python, Redis, gRPC",Backend Developer,2026-08-26,https://recruitment.mock.vn/job/sim_ec5f3f68,EnrichedMarketData
sim_cb375f18,Backend Engineer (Golang/Python),NAB Innovation Centre Vietnam,Đà Nẵng,Đà Nẵng,23 - 39 triệu,23.0,39.0,31.0,3-5 năm,3.0,5.0,Middle (3-5 năm),"['Docker', 'Git', 'Golang', 'Kubernetes', 'PostgreSQL', 'Python', 'Redis', 'gRPC']",8,"Docker, Git, Golang, Kubernetes, PostgreSQL, Python, Redis, gRPC",Backend Developer,2026-09-05,https://recruitment.mock.vn/job/sim_cb375f18,EnrichedMarketData
sim_81d6dbf4,DevOps Engineer,Sutrix Group,Đà Nẵng,Đà Nẵng,Thỏa thuận,,,,2-5 năm,2.0,5.0,Middle (3-5 năm),"['AWS', 'CI/CD', 'Docker', 'Kubernetes', 'Linux', 'Prometheus', 'Redis', 'Terraform']",8,"AWS, CI/CD, Docker, Kubernetes, Linux, Prometheus, Redis, Terraform",DevOps / Cloud Engineer,2026-09-01,https://recruitment.mock.vn/job/sim_81d6dbf4,EnrichedMarketData
sim_e7fde82c,QA / QC Automation Engineer,LG Electronics R&D,Đà Nẵng,Đà Nẵng,16 - 32 triệu,16.0,32.0,24.0,2-4 năm,2.0,4.0,Middle (3-5 năm),"['Appium', 'Docker', 'Git', 'JMeter', 'Java', 'Postman', 'Python', 'RESTful API', 'Selenium']",9,"Appium, Docker, Git, JMeter, Java, Postman, Python, RESTful API, Selenium",QA / QC / Automation Tester,2026-08-17,https://recruitment.mock.vn/job/sim_e7fde82c,EnrichedMarketData
sim_d854196d,Frontend Developer (ReactJS/TypeScript),One Mount Group,Remote,Remote / Toàn quốc,1456 - 3325 USD,37.0,84.5,60.7,2-4 năm,2.0,4.0,Middle (3-5 năm),"['Docker', 'HTML/CSS', 'React', 'Redux', 'TypeScript']",5,"Docker, HTML/CSS, React, Redux, TypeScript",Frontend Developer,2026-08-25,https://recruitment.mock.vn/job/sim_d854196d,EnrichedMarketData
sim_2bae0d1c,Backend Engineer (Golang/Python),FPT Software,Hồ Chí Minh,Hồ Chí Minh,27 - 60 triệu,27.0,60.0,43.5,3-5 năm,3.0,5.0,Middle (3-5 năm),"['CI/CD', 'Golang', 'Kubernetes', 'PostgreSQL', 'Python', 'Redis', 'gRPC']",7,"CI/CD, Golang, Kubernetes, PostgreSQL, Python, Redis, gRPC",Backend Developer,2026-09-05,https://recruitment.mock.vn/job/sim_2bae0d1c,EnrichedMarketData
sim_101d8e82,Senior Java Developer,FPT Software,Đà Nẵng,Đà Nẵng,35 - 55 triệu,35.0,55.0,45.0,4-6 năm,4.0,6.0,Senior / Lead (>5 năm),"['Apache Kafka', 'Docker', 'Java', 'Jira', 'Microservices', 'MySQL', 'RESTful API', 'Spring Boot']",8,"Apache Kafka, Docker, Java, Jira, Microservices, MySQL, RESTful API, Spring Boot",Backend Developer,2026-08-13,https://recruitment.mock.vn/job/sim_101d8e82,EnrichedMarketData
sim_de139aeb,AI / Machine Learning Engineer,Tiki Corporation,Đà Nẵng,Đà Nẵng,Thỏa thuận,,,,2-5 năm,2.0,5.0,Middle (3-5 năm),"['AI / Machine Learning', 'CI/CD', 'Computer Vision', 'Docker', 'Git', 'Python']",6,"AI / Machine Learning, CI/CD, Computer Vision, Docker, Git, Python",AI / Machine Learning Engineer,2026-08-15,https://recruitment.mock.vn/job/sim_de139aeb,EnrichedMarketData
sim_6add8c54,"Data Engineer (Spark, Hadoop, AWS)",VTI Group,Đà Nẵng,Đà Nẵng,1580 - 2293 USD,40.1,58.2,49.2,3-5 năm,3.0,5.0,Middle (3-5 năm),"['AWS', 'Airflow', 'Apache Kafka', 'Apache Spark', 'Git', 'Hadoop / HDFS', 'Jira', 'Python', 'Redis', 'SQL']",10,"AWS, Airflow, Apache Kafka, Apache Spark, Git, Hadoop / HDFS, Jira, Python, Redis, SQL",Data Engineer / Big Data,2026-09-12,https://recruitment.mock.vn/job/sim_6add8c54,EnrichedMarketData
sim_0d00fa0d,QA / QC Automation Engineer,Nal Solutions,Đà Nẵng,Đà Nẵng,21 - 56 triệu,21.0,56.0,38.5,2-4 năm,2.0,4.0,Middle (3-5 năm),"['Appium', 'Git', 'JMeter', 'Java', 'Jira', 'Postman', 'Python', 'Selenium']",8,"Appium, Git, JMeter, Java, Jira, Postman, Python, Selenium",QA / QC / Automation Tester,2026-08-28,https://recruitment.mock.vn/job/sim_0d00fa0d,EnrichedMarketData
sim_6066660f,"Data Engineer (Spark, Hadoop, AWS)",Axon Active Vietnam,Đà Nẵng,Đà Nẵng,1078 - 2742 USD,27.4,69.6,48.5,3-5 năm,3.0,5.0,Middle (3-5 năm),"['AWS', 'Airflow', 'Apache Kafka', 'Apache Spark', 'Hadoop / HDFS', 'Linux', 'Python', 'SQL']",8,"AWS, Airflow, Apache Kafka, Apache Spark, Hadoop / HDFS, Linux, Python, SQL",Data Engineer / Big Data,2026-08-31,https://recruitment.mock.vn/job/sim_6066660f,EnrichedMarketData
sim_8e8827d1,Mobile App Developer (Flutter / React Native),Enouvo IT Solutions,Hà Nội,Hà Nội,18 - 46 triệu,18.0,46.0,32.0,2-4 năm,2.0,4.0,Middle (3-5 năm),"['Android', 'Dart', 'Docker', 'Flutter', 'Linux', 'RESTful API', 'React', 'iOS']",8,"Android, Dart, Docker, Flutter, Linux, RESTful API, React, iOS",Frontend Developer,2026-09-06,https://recruitment.mock.vn/job/sim_8e8827d1,EnrichedMarketData
sim_d4fcf48f,DevOps Engineer,KMS Technology,Hồ Chí Minh,Hồ Chí Minh,Thỏa thuận,,,,2-5 năm,2.0,5.0,Middle (3-5 năm),"['AWS', 'CI/CD', 'Docker', 'Git', 'Jira', 'Kubernetes', 'Linux', 'Prometheus', 'RESTful API', 'Terraform']",10,"AWS, CI/CD, Docker, Git, Jira, Kubernetes, Linux, Prometheus, RESTful API, Terraform",DevOps / Cloud Engineer,2026-08-30,https://recruitment.mock.vn/job/sim_d4fcf48f,EnrichedMarketData
sim_fb9baad1,Fresher / Intern Software Engineer,MOMO,Hồ Chí Minh,Hồ Chí Minh,1696 - 3223 USD,43.1,81.9,62.5,Không yêu cầu,0.0,1.0,Fresher / Intern,"['C++', 'Data Structures', 'Docker', 'Git', 'Java', 'OOP', 'SQL']",7,"C++, Data Structures, Docker, Git, Java, OOP, SQL",Backend Developer,2026-08-24,https://recruitment.mock.vn/job/sim_fb9baad1,EnrichedMarketData
sim_2cab01f8,AI / Machine Learning Engineer,DEK Technologies,Hà Nội,Hà Nội,30 - 70 triệu,30.0,70.0,50.0,2-5 năm,2.0,5.0,Middle (3-5 năm),"['AI / Machine Learning', 'Computer Vision', 'Docker', 'Python', 'RESTful API', 'Redis']",6,"AI / Machine Learning, Computer Vision, Docker, Python, RESTful API, Redis",AI / Machine Learning Engineer,2026-09-04,https://recruitment.mock.vn/job/sim_2cab01f8,EnrichedMarketData
sim_e84ec35b,Mobile App Developer (Flutter / React Native),Axon Active Vietnam,Hồ Chí Minh,Hồ Chí Minh,1477 - 2331 USD,37.5,59.2,48.4,2-4 năm,2.0,4.0,Middle (3-5 năm),"['Android', 'Dart', 'Flutter', 'Git', 'RESTful API', 'React', 'Redis', 'iOS']",8,"Android, Dart, Flutter, Git, RESTful API, React, Redis, iOS",Frontend Developer,2026-09-01,https://recruitment.mock.vn/job/sim_e84ec35b,EnrichedMarketData
sim_a4ffbb92,Junior Python Backend Developer,One Mount Group,Hà Nội,Hà Nội,12 - 20 triệu,12.0,20.0,16.0,1-2 năm,1.0,2.0,Junior (1-2 năm),"['Django / FastAPI', 'Docker', 'Git', 'Jira', 'PostgreSQL', 'Python', 'RESTful API']",7,"Django / FastAPI, Docker, Git, Jira, PostgreSQL, Python, RESTful API",Backend Developer,2026-08-14,https://recruitment.mock.vn/job/sim_a4ffbb92,EnrichedMarketData
sim_2dc527ed,AI / Machine Learning Engineer,Enouvo IT Solutions,Remote,Remote / Toàn quốc,Thỏa thuận,,,,2-5 năm,2.0,5.0,Middle (3-5 năm),"['AI / Machine Learning', 'Computer Vision', 'Docker', 'Linux', 'Python']",5,"AI / Machine Learning, Computer Vision, Docker, Linux, Python",AI / Machine Learning Engineer,2026-08-17,https://recruitment.mock.vn/job/sim_2dc527ed,EnrichedMarketData
sim_bfe3847e,Junior Python Backend Developer,NAB Innovation Centre Vietnam,Hà Nội,Hà Nội,17 - 49 triệu,17.0,49.0,33.0,1-2 năm,1.0,2.0,Junior (1-2 năm),"['Django / FastAPI', 'Docker', 'Git', 'Jira', 'PostgreSQL', 'Python', 'RESTful API', 'Redis']",8,"Django / FastAPI, Docker, Git, Jira, PostgreSQL, Python, RESTful API, Redis",Backend Developer,2026-08-26,https://recruitment.mock.vn/job/sim_bfe3847e,EnrichedMarketData
sim_43ef0b6b,"Data Analyst (Power BI, SQL, Python)",Nal Solutions,Hà Nội,Hà Nội,15 - 28 triệu,15.0,28.0,21.5,1-3 năm,1.0,3.0,Middle (3-5 năm),"['Data Modeling', 'Excel', 'Linux', 'Power BI / BI', 'Python', 'RESTful API', 'SQL']",7,"Data Modeling, Excel, Linux, Power BI / BI, Python, RESTful API, SQL",Data Analyst / BI,2026-08-29,https://recruitment.mock.vn/job/sim_43ef0b6b,EnrichedMarketData
sim_7ae06cda,"Data Analyst (Power BI, SQL, Python)",Samsung Electronics R&D (SRV),Đà Nẵng,Đà Nẵng,1073 - 2388 USD,27.3,60.7,44.0,1-3 năm,1.0,3.0,Middle (3-5 năm),"['Data Modeling', 'Docker', 'Excel', 'Jira', 'Power BI / BI', 'Python', 'SQL']",7,"Data Modeling, Docker, Excel, Jira, Power BI / BI, Python, SQL",Data Analyst / BI,2026-09-10,https://recruitment.mock.vn/job/sim_7ae06cda,EnrichedMarketData
sim_bc7923c7,Fresher / Intern Software Engineer,BOSCH Vietnam,Hà Nội,Hà Nội,6 - 10 triệu,6.0,10.0,8.0,Không yêu cầu,0.0,1.0,Fresher / Intern,"['C++', 'Data Structures', 'Git', 'Java', 'Linux', 'OOP', 'SQL']",7,"C++, Data Structures, Git, Java, Linux, OOP, SQL",Backend Developer,2026-08-23,https://recruitment.mock.vn/job/sim_bc7923c7,EnrichedMarketData
sim_317e7dad,Junior Python Backend Developer,Tiki Corporation,Hà Nội,Hà Nội,Thỏa thuận,,,,1-2 năm,1.0,2.0,Junior (1-2 năm),"['CI/CD', 'Django / FastAPI', 'Docker', 'Git', 'PostgreSQL', 'Python']",6,"CI/CD, Django / FastAPI, Docker, Git, PostgreSQL, Python",Backend Developer,2026-08-16,https://recruitment.mock.vn/job/sim_317e7dad,EnrichedMarketData
sim_26e6ef72,Junior Python Backend Developer,FPT Software,Remote,Remote / Toàn quốc,12 - 20 triệu,12.0,20.0,16.0,1-2 năm,1.0,2.0,Junior (1-2 năm),"['CI/CD', 'Django / FastAPI', 'Docker', 'Git', 'PostgreSQL', 'Python', 'Redis']",7,"CI/CD, Django / FastAPI, Docker, Git, PostgreSQL, Python, Redis",Backend Developer,2026-08-28,https://recruitment.mock.vn/job/sim_26e6ef72,EnrichedMarketData
sim_fd8f4ffd,"Data Analyst (Power BI, SQL, Python)",VNG Corporation,Đà Nẵng,Đà Nẵng,23 - 55 triệu,23.0,55.0,39.0,1-3 năm,1.0,3.0,Middle (3-5 năm),"['Data Modeling', 'Excel', 'Power BI / BI', 'Python', 'Redis', 'SQL']",6,"Data Modeling, Excel, Power BI / BI, Python, Redis, SQL",Data Analyst / BI,2026-09-01,https://recruitment.mock.vn/job/sim_fd8f4ffd,EnrichedMarketData
sim_0bb8adfe,Fresher / Intern Software Engineer,Zalo Group,Remote,Remote / Toàn quốc,Thỏa thuận,,,,Không yêu cầu,0.0,1.0,Fresher / Intern,"['C++', 'Data Structures', 'Git', 'Java', 'OOP', 'SQL']",6,"C++, Data Structures, Git, Java, OOP, SQL",Backend Developer,2026-08-29,https://recruitment.mock.vn/job/sim_0bb8adfe,EnrichedMarketData
sim_e7e1d12f,"Data Analyst (Power BI, SQL, Python)",Grab Vietnam,Đà Nẵng,Đà Nẵng,15 - 28 triệu,15.0,28.0,21.5,1-3 năm,1.0,3.0,Middle (3-5 năm),"['Data Modeling', 'Excel', 'Power BI / BI', 'Python', 'RESTful API', 'SQL']",6,"Data Modeling, Excel, Power BI / BI, Python, RESTful API, SQL",Data Analyst / BI,2026-09-01,https://recruitment.mock.vn/job/sim_e7e1d12f,EnrichedMarketData
sim_1da8a148,Fullstack .NET & Angular Developer,Zalo Group,Remote,Remote / Toàn quốc,Thỏa thuận,,,,2-4 năm,2.0,4.0,Middle (3-5 năm),"['.NET Core', 'Angular', 'Azure', 'C#', 'Entity Framework', 'RESTful API', 'Redis', 'SQL']",8,".NET Core, Angular, Azure, C#, Entity Framework, RESTful API, Redis, SQL",Frontend Developer,2026-08-23,https://recruitment.mock.vn/job/sim_1da8a148,EnrichedMarketData
sim_9d33ff6c,Senior Java Developer,Samsung Electronics R&D (SRV),Hồ Chí Minh,Hồ Chí Minh,30 - 56 triệu,30.0,56.0,43.0,4-6 năm,4.0,6.0,Senior / Lead (>5 năm),"['Apache Kafka', 'Docker', 'Git', 'Java', 'Linux', 'Microservices', 'MySQL', 'Spring Boot']",8,"Apache Kafka, Docker, Git, Java, Linux, Microservices, MySQL, Spring Boot",Backend Developer,2026-08-29,https://recruitment.mock.vn/job/sim_9d33ff6c,EnrichedMarketData
sim_6c936548,Junior Python Backend Developer,BOSCH Vietnam,Remote,Remote / Toàn quốc,1229 - 3421 USD,31.2,86.9,59.1,1-2 năm,1.0,2.0,Junior (1-2 năm),"['CI/CD', 'Django / FastAPI', 'Docker', 'Git', 'PostgreSQL', 'Python']",6,"CI/CD, Django / FastAPI, Docker, Git, PostgreSQL, Python",Backend Developer,2026-09-08,https://recruitment.mock.vn/job/sim_6c936548,EnrichedMarketData
sim_7cdb0db7,Mobile App Developer (Flutter / React Native),KMS Technology,Remote,Remote / Toàn quốc,1590 - 2805 USD,40.4,71.2,55.8,2-4 năm,2.0,4.0,Middle (3-5 năm),"['Android', 'Dart', 'Docker', 'Flutter', 'RESTful API', 'React', 'iOS']",7,"Android, Dart, Docker, Flutter, RESTful API, React, iOS",Frontend Developer,2026-08-16,https://recruitment.mock.vn/job/sim_7cdb0db7,EnrichedMarketData
sim_018c864b,Frontend Developer (ReactJS/TypeScript),Sutrix Group,Hà Nội,Hà Nội,Thỏa thuận,,,,2-4 năm,2.0,4.0,Middle (3-5 năm),"['HTML/CSS', 'Linux', 'React', 'Redux', 'TypeScript']",5,"HTML/CSS, Linux, React, Redux, TypeScript",Frontend Developer,2026-08-24,https://recruitment.mock.vn/job/sim_018c864b,EnrichedMarketData
sim_6d5dacb8,Mobile App Developer (Flutter / React Native),Techcombank,Hồ Chí Minh,Hồ Chí Minh,Thỏa thuận,,,,2-4 năm,2.0,4.0,Middle (3-5 năm),"['Android', 'Dart', 'Flutter', 'Linux', 'RESTful API', 'React', 'iOS']",7,"Android, Dart, Flutter, Linux, RESTful API, React, iOS",Frontend Developer,2026-09-10,https://recruitment.mock.vn/job/sim_6d5dacb8,EnrichedMarketData
sim_b1ec36c0,Fresher / Intern Software Engineer,Tiki Corporation,Remote,Remote / Toàn quốc,Thỏa thuận,,,,Không yêu cầu,0.0,1.0,Fresher / Intern,"['C++', 'Data Structures', 'Git', 'Java', 'OOP', 'Redis', 'SQL']",7,"C++, Data Structures, Git, Java, OOP, Redis, SQL",Backend Developer,2026-09-01,https://recruitment.mock.vn/job/sim_b1ec36c0,EnrichedMarketData
sim_6cee85a2,Backend Engineer (Golang/Python),Samsung Electronics R&D (SRV),Hồ Chí Minh,Hồ Chí Minh,1430 - 3085 USD,36.3,78.4,57.3,3-5 năm,3.0,5.0,Middle (3-5 năm),"['Docker', 'Golang', 'Kubernetes', 'PostgreSQL', 'Python', 'RESTful API', 'Redis', 'gRPC']",8,"Docker, Golang, Kubernetes, PostgreSQL, Python, RESTful API, Redis, gRPC",Backend Developer,2026-09-01,https://recruitment.mock.vn/job/sim_6cee85a2,EnrichedMarketData
sim_1bb018fd,Senior Java Developer,Grab Vietnam,Đà Nẵng,Đà Nẵng,Thỏa thuận,,,,4-6 năm,4.0,6.0,Senior / Lead (>5 năm),"['Apache Kafka', 'Docker', 'Java', 'Linux', 'Microservices', 'MySQL', 'RESTful API', 'Spring Boot']",8,"Apache Kafka, Docker, Java, Linux, Microservices, MySQL, RESTful API, Spring Boot",Backend Developer,2026-08-24,https://recruitment.mock.vn/job/sim_1bb018fd,EnrichedMarketData
sim_206df776,QA / QC Automation Engineer,VPBank Digital Banking,Hồ Chí Minh,Hồ Chí Minh,27 - 41 triệu,27.0,41.0,34.0,2-4 năm,2.0,4.0,Middle (3-5 năm),"['Appium', 'Docker', 'JMeter', 'Java', 'Postman', 'Python', 'RESTful API', 'Selenium']",8,"Appium, Docker, JMeter, Java, Postman, Python, RESTful API, Selenium",QA / QC / Automation Tester,2026-09-04,https://recruitment.mock.vn/job/sim_206df776,EnrichedMarketData
sim_9c4d1d6f,Senior Java Developer,Axon Active Vietnam,Hà Nội,Hà Nội,27 - 54 triệu,27.0,54.0,40.5,4-6 năm,4.0,6.0,Senior / Lead (>5 năm),"['Apache Kafka', 'Docker', 'Java', 'Microservices', 'MySQL', 'Redis', 'Spring Boot']",7,"Apache Kafka, Docker, Java, Microservices, MySQL, Redis, Spring Boot",Backend Developer,2026-08-25,https://recruitment.mock.vn/job/sim_9c4d1d6f,EnrichedMarketData
sim_842178fa,Senior Java Developer,Sutrix Group,Đà Nẵng,Đà Nẵng,1403 - 3432 USD,35.6,87.2,61.4,4-6 năm,4.0,6.0,Senior / Lead (>5 năm),"['Apache Kafka', 'Docker', 'Git', 'Java', 'Linux', 'Microservices', 'MySQL', 'Spring Boot']",8,"Apache Kafka, Docker, Git, Java, Linux, Microservices, MySQL, Spring Boot",Backend Developer,2026-08-17,https://recruitment.mock.vn/job/sim_842178fa,EnrichedMarketData
sim_3b8bb4cf,AI / Machine Learning Engineer,NashTech Vietnam,Đà Nẵng,Đà Nẵng,Thỏa thuận,,,,2-5 năm,2.0,5.0,Middle (3-5 năm),"['AI / Machine Learning', 'Computer Vision', 'Docker', 'Git', 'Python']",5,"AI / Machine Learning, Computer Vision, Docker, Git, Python",AI / Machine Learning Engineer,2026-09-03,https://recruitment.mock.vn/job/sim_3b8bb4cf,EnrichedMarketData
sim_313fd87b,Fresher / Intern Software Engineer,DEK Technologies,Hồ Chí Minh,Hồ Chí Minh,20 - 52 triệu,20.0,52.0,36.0,Không yêu cầu,0.0,1.0,Fresher / Intern,"['C++', 'Data Structures', 'Docker', 'Git', 'Java', 'OOP', 'SQL']",7,"C++, Data Structures, Docker, Git, Java, OOP, SQL",Backend Developer,2026-09-08,https://recruitment.mock.vn/job/sim_313fd87b,EnrichedMarketData
sim_aaa9670f,Fresher / Intern Software Engineer,Rikkeisoft,Hồ Chí Minh,Hồ Chí Minh,1056 - 2386 USD,26.8,60.6,43.7,Không yêu cầu,0.0,1.0,Fresher / Intern,"['C++', 'Data Structures', 'Git', 'Java', 'OOP', 'Redis', 'SQL']",7,"C++, Data Structures, Git, Java, OOP, Redis, SQL",Backend Developer,2026-09-07,https://recruitment.mock.vn/job/sim_aaa9670f,EnrichedMarketData
sim_7588bc74,"Data Analyst (Power BI, SQL, Python)",Sutrix Group,Hà Nội,Hà Nội,16 - 59 triệu,16.0,59.0,37.5,1-3 năm,1.0,3.0,Middle (3-5 năm),"['CI/CD', 'Data Modeling', 'Excel', 'Jira', 'Power BI / BI', 'Python', 'RESTful API', 'SQL']",8,"CI/CD, Data Modeling, Excel, Jira, Power BI / BI, Python, RESTful API, SQL",Data Analyst / BI,2026-08-26,https://recruitment.mock.vn/job/sim_7588bc74,EnrichedMarketData
sim_5bb3fa56,Fresher / Intern Software Engineer,VPBank Digital Banking,Đà Nẵng,Đà Nẵng,30 - 53 triệu,30.0,53.0,41.5,Không yêu cầu,0.0,1.0,Fresher / Intern,"['C++', 'Data Structures', 'Git', 'Java', 'Linux', 'OOP', 'Redis', 'SQL']",8,"C++, Data Structures, Git, Java, Linux, OOP, Redis, SQL",Backend Developer,2026-08-16,https://recruitment.mock.vn/job/sim_5bb3fa56,EnrichedMarketData
sim_819083de,Fullstack .NET & Angular Developer,Techcombank,Remote,Remote / Toàn quốc,23 - 39 triệu,23.0,39.0,31.0,2-4 năm,2.0,4.0,Middle (3-5 năm),"['.NET Core', 'Angular', 'Azure', 'C#', 'Docker', 'Entity Framework', 'Git', 'RESTful API', 'SQL']",9,".NET Core, Angular, Azure, C#, Docker, Entity Framework, Git, RESTful API, SQL",Frontend Developer,2026-09-11,https://recruitment.mock.vn/job/sim_819083de,EnrichedMarketData
sim_8e0b2c73,DevOps Engineer,Orient Software,Remote,Remote / Toàn quốc,Thỏa thuận,,,,2-5 năm,2.0,5.0,Middle (3-5 năm),"['AWS', 'CI/CD', 'Docker', 'Jira', 'Kubernetes', 'Linux', 'Prometheus', 'Terraform']",8,"AWS, CI/CD, Docker, Jira, Kubernetes, Linux, Prometheus, Terraform",DevOps / Cloud Engineer,2026-09-01,https://recruitment.mock.vn/job/sim_8e0b2c73,EnrichedMarketData
sim_2f26c60d,DevOps Engineer,Grab Vietnam,Đà Nẵng,Đà Nẵng,Thỏa thuận,,,,2-5 năm,2.0,5.0,Middle (3-5 năm),"['AWS', 'CI/CD', 'Docker', 'Git', 'Kubernetes', 'Linux', 'Prometheus', 'Terraform']",8,"AWS, CI/CD, Docker, Git, Kubernetes, Linux, Prometheus, Terraform",DevOps / Cloud Engineer,2026-09-05,https://recruitment.mock.vn/job/sim_2f26c60d,EnrichedMarketData
sim_6f474c4a,DevOps Engineer,DEK Technologies,Hồ Chí Minh,Hồ Chí Minh,15 - 44 triệu,15.0,44.0,29.5,2-5 năm,2.0,5.0,Middle (3-5 năm),"['AWS', 'CI/CD', 'Docker', 'Git', 'Kubernetes', 'Linux', 'Prometheus', 'RESTful API', 'Terraform']",9,"AWS, CI/CD, Docker, Git, Kubernetes, Linux, Prometheus, RESTful API, Terraform",DevOps / Cloud Engineer,2026-09-04,https://recruitment.mock.vn/job/sim_6f474c4a,EnrichedMarketData
sim_b05185de,DevOps Engineer,LG Electronics R&D,Hồ Chí Minh,Hồ Chí Minh,15 - 42 triệu,15.0,42.0,28.5,2-5 năm,2.0,5.0,Middle (3-5 năm),"['AWS', 'CI/CD', 'Docker', 'Git', 'Kubernetes', 'Linux', 'Prometheus', 'RESTful API', 'Redis', 'Terraform']",10,"AWS, CI/CD, Docker, Git, Kubernetes, Linux, Prometheus, RESTful API, Redis, Terraform",DevOps / Cloud Engineer,2026-09-12,https://recruitment.mock.vn/job/sim_b05185de,EnrichedMarketData
sim_f617a4e0,Senior Java Developer,Nal Solutions,Hồ Chí Minh,Hồ Chí Minh,1275 - 2677 USD,32.4,68.0,50.2,4-6 năm,4.0,6.0,Senior / Lead (>5 năm),"['Apache Kafka', 'CI/CD', 'Docker', 'Git', 'Java', 'Jira', 'Microservices', 'MySQL', 'Spring Boot']",9,"Apache Kafka, CI/CD, Docker, Git, Java, Jira, Microservices, MySQL, Spring Boot",Backend Developer,2026-08-25,https://recruitment.mock.vn/job/sim_f617a4e0,EnrichedMarketData
sim_88000b2a,Fresher / Intern Software Engineer,MB Bank Digital Hub,Đà Nẵng,Đà Nẵng,19 - 38 triệu,19.0,38.0,28.5,Không yêu cầu,0.0,1.0,Fresher / Intern,"['C++', 'Data Structures', 'Git', 'Java', 'Jira', 'Linux', 'OOP', 'RESTful API', 'SQL']",9,"C++, Data Structures, Git, Java, Jira, Linux, OOP, RESTful API, SQL",Backend Developer,2026-08-28,https://recruitment.mock.vn/job/sim_88000b2a,EnrichedMarketData
sim_ddab838d,"Data Engineer (Spark, Hadoop, AWS)",Enouvo IT Solutions,Hà Nội,Hà Nội,Thỏa thuận,,,,3-5 năm,3.0,5.0,Middle (3-5 năm),"['AWS', 'Airflow', 'Apache Kafka', 'Apache Spark', 'Git', 'Hadoop / HDFS', 'Jira', 'Python', 'Redis', 'SQL']",10,"AWS, Airflow, Apache Kafka, Apache Spark, Git, Hadoop / HDFS, Jira, Python, Redis, SQL",Data Engineer / Big Data,2026-08-20,https://recruitment.mock.vn/job/sim_ddab838d,EnrichedMarketData
sim_cc99ad4e,Fullstack .NET & Angular Developer,SmartOSC,Hà Nội,Hà Nội,Thỏa thuận,,,,2-4 năm,2.0,4.0,Middle (3-5 năm),"['.NET Core', 'Angular', 'Azure', 'C#', 'Docker', 'Entity Framework', 'Jira', 'SQL']",8,".NET Core, Angular, Azure, C#, Docker, Entity Framework, Jira, SQL",Frontend Developer,2026-08-13,https://recruitment.mock.vn/job/sim_cc99ad4e,EnrichedMarketData
sim_89f783e5,Fullstack .NET & Angular Developer,Grab Vietnam,Hà Nội,Hà Nội,20 - 40 triệu,20.0,40.0,30.0,2-4 năm,2.0,4.0,Middle (3-5 năm),"['.NET Core', 'Angular', 'Azure', 'C#', 'Entity Framework', 'Redis', 'SQL']",7,".NET Core, Angular, Azure, C#, Entity Framework, Redis, SQL",Frontend Developer,2026-08-25,https://recruitment.mock.vn/job/sim_89f783e5,EnrichedMarketData
sim_fa9273e7,"Data Analyst (Power BI, SQL, Python)",VPBank Digital Banking,Đà Nẵng,Đà Nẵng,15 - 28 triệu,15.0,28.0,21.5,1-3 năm,1.0,3.0,Middle (3-5 năm),"['Data Modeling', 'Excel', 'Git', 'Power BI / BI', 'Python', 'SQL']",6,"Data Modeling, Excel, Git, Power BI / BI, Python, SQL",Data Analyst / BI,2026-09-12,https://recruitment.mock.vn/job/sim_fa9273e7,EnrichedMarketData
sim_95ad948d,"Data Engineer (Spark, Hadoop, AWS)",Tiki Corporation,Hà Nội,Hà Nội,30 - 60 triệu,30.0,60.0,45.0,3-5 năm,3.0,5.0,Middle (3-5 năm),"['AWS', 'Airflow', 'Apache Kafka', 'Apache Spark', 'Git', 'Hadoop / HDFS', 'Python', 'SQL']",8,"AWS, Airflow, Apache Kafka, Apache Spark, Git, Hadoop / HDFS, Python, SQL",Data Engineer / Big Data,2026-09-12,https://recruitment.mock.vn/job/sim_95ad948d,EnrichedMarketData
sim_db8c38e0,Fullstack .NET & Angular Developer,VNG Corporation,Remote,Remote / Toàn quốc,Thỏa thuận,,,,2-4 năm,2.0,4.0,Middle (3-5 năm),"['.NET Core', 'Angular', 'Azure', 'C#', 'Entity Framework', 'Jira', 'Redis', 'SQL']",8,".NET Core, Angular, Azure, C#, Entity Framework, Jira, Redis, SQL",Frontend Developer,2026-09-11,https://recruitment.mock.vn/job/sim_db8c38e0,EnrichedMarketData
sim_31182ced,Fresher / Intern Software Engineer,FPT Software,Hà Nội,Hà Nội,6 - 10 triệu,6.0,10.0,8.0,Không yêu cầu,0.0,1.0,Fresher / Intern,"['C++', 'Data Structures', 'Docker', 'Git', 'Java', 'Jira', 'Linux', 'OOP', 'SQL']",9,"C++, Data Structures, Docker, Git, Java, Jira, Linux, OOP, SQL",Backend Developer,2026-09-07,https://recruitment.mock.vn/job/sim_31182ced,EnrichedMarketData
sim_39b95a42,"Data Analyst (Power BI, SQL, Python)",NAB Innovation Centre Vietnam,Hồ Chí Minh,Hồ Chí Minh,1551 - 3475 USD,39.4,88.3,63.8,1-3 năm,1.0,3.0,Middle (3-5 năm),"['Data Modeling', 'Excel', 'Power BI / BI', 'Python', 'RESTful API', 'SQL']",6,"Data Modeling, Excel, Power BI / BI, Python, RESTful API, SQL",Data Analyst / BI,2026-08-22,https://recruitment.mock.vn/job/sim_39b95a42,EnrichedMarketData
sim_f5828918,Junior Python Backend Developer,Samsung Electronics R&D (SRV),Hà Nội,Hà Nội,16 - 58 triệu,16.0,58.0,37.0,1-2 năm,1.0,2.0,Junior (1-2 năm),"['CI/CD', 'Django / FastAPI', 'Docker', 'Git', 'PostgreSQL', 'Python', 'RESTful API']",7,"CI/CD, Django / FastAPI, Docker, Git, PostgreSQL, Python, RESTful API",Backend Developer,2026-08-21,https://recruitment.mock.vn/job/sim_f5828918,EnrichedMarketData
sim_1560c874,DevOps Engineer,BOSCH Vietnam,Hồ Chí Minh,Hồ Chí Minh,25 - 50 triệu,25.0,50.0,37.5,2-5 năm,2.0,5.0,Middle (3-5 năm),"['AWS', 'CI/CD', 'Docker', 'Git', 'Kubernetes', 'Linux', 'Prometheus', 'RESTful API', 'Terraform']",9,"AWS, CI/CD, Docker, Git, Kubernetes, Linux, Prometheus, RESTful API, Terraform",DevOps / Cloud Engineer,2026-08-19,https://recruitment.mock.vn/job/sim_1560c874,EnrichedMarketData
sim_8e710ebc,Backend Engineer (Golang/Python),Axon Active Vietnam,Hà Nội,Hà Nội,25 - 45 triệu,25.0,45.0,35.0,3-5 năm,3.0,5.0,Middle (3-5 năm),"['CI/CD', 'Golang', 'Kubernetes', 'PostgreSQL', 'Python', 'Redis', 'gRPC']",7,"CI/CD, Golang, Kubernetes, PostgreSQL, Python, Redis, gRPC",Backend Developer,2026-09-08,https://recruitment.mock.vn/job/sim_8e710ebc,EnrichedMarketData
sim_d9f412ff,"Data Engineer (Spark, Hadoop, AWS)",Orient Software,Hà Nội,Hà Nội,1503 - 2697 USD,38.2,68.5,53.3,3-5 năm,3.0,5.0,Middle (3-5 năm),"['AWS', 'Airflow', 'Apache Kafka', 'Apache Spark', 'Git', 'Hadoop / HDFS', 'Python', 'RESTful API', 'Redis', 'SQL']",10,"AWS, Airflow, Apache Kafka, Apache Spark, Git, Hadoop / HDFS, Python, RESTful API, Redis, SQL",Data Engineer / Big Data,2026-08-23,https://recruitment.mock.vn/job/sim_d9f412ff,EnrichedMarketData
sim_e6d8b73f,Junior Python Backend Developer,KMS Technology,Remote,Remote / Toàn quốc,1409 - 3031 USD,35.8,77.0,56.4,1-2 năm,1.0,2.0,Junior (1-2 năm),"['CI/CD', 'Django / FastAPI', 'Docker', 'Git', 'PostgreSQL', 'Python', 'Redis']",7,"CI/CD, Django / FastAPI, Docker, Git, PostgreSQL, Python, Redis",Backend Developer,2026-09-06,https://recruitment.mock.vn/job/sim_e6d8b73f,EnrichedMarketData
sim_62a71d48,Junior Python Backend Developer,Rikkeisoft,Hà Nội,Hà Nội,1005 - 2575 USD,25.5,65.4,45.5,1-2 năm,1.0,2.0,Junior (1-2 năm),"['CI/CD', 'Django / FastAPI', 'Docker', 'Git', 'Jira', 'PostgreSQL', 'Python']",7,"CI/CD, Django / FastAPI, Docker, Git, Jira, PostgreSQL, Python",Backend Developer,2026-09-12,https://recruitment.mock.vn/job/sim_62a71d48,EnrichedMarketData
sim_237f2999,Mobile App Developer (Flutter / React Native),Sun Asterisk,Hồ Chí Minh,Hồ Chí Minh,18 - 35 triệu,18.0,35.0,26.5,2-4 năm,2.0,4.0,Middle (3-5 năm),"['Android', 'Dart', 'Flutter', 'Jira', 'Linux', 'RESTful API', 'React', 'iOS']",8,"Android, Dart, Flutter, Jira, Linux, RESTful API, React, iOS",Frontend Developer,2026-08-28,https://recruitment.mock.vn/job/sim_237f2999,EnrichedMarketData
sim_047bd78b,Mobile App Developer (Flutter / React Native),BOSCH Vietnam,Hà Nội,Hà Nội,17 - 56 triệu,17.0,56.0,36.5,2-4 năm,2.0,4.0,Middle (3-5 năm),"['Android', 'Dart', 'Flutter', 'RESTful API', 'React', 'Redis', 'iOS']",7,"Android, Dart, Flutter, RESTful API, React, Redis, iOS",Frontend Developer,2026-08-22,https://recruitment.mock.vn/job/sim_047bd78b,EnrichedMarketData
sim_1e86bb9b,Junior Python Backend Developer,VNG Corporation,Remote,Remote / Toàn quốc,12 - 20 triệu,12.0,20.0,16.0,1-2 năm,1.0,2.0,Junior (1-2 năm),"['CI/CD', 'Django / FastAPI', 'Docker', 'Git', 'Linux', 'PostgreSQL', 'Python', 'RESTful API']",8,"CI/CD, Django / FastAPI, Docker, Git, Linux, PostgreSQL, Python, RESTful API",Backend Developer,2026-08-15,https://recruitment.mock.vn/job/sim_1e86bb9b,EnrichedMarketData
sim_3569178f,Senior Java Developer,Orient Software,Hà Nội,Hà Nội,Thỏa thuận,,,,4-6 năm,4.0,6.0,Senior / Lead (>5 năm),"['Apache Kafka', 'Docker', 'Java', 'Jira', 'Linux', 'Microservices', 'MySQL', 'Spring Boot']",8,"Apache Kafka, Docker, Java, Jira, Linux, Microservices, MySQL, Spring Boot",Backend Developer,2026-09-09,https://recruitment.mock.vn/job/sim_3569178f,EnrichedMarketData
sim_221ba0f7,DevOps Engineer,Tiki Corporation,Đà Nẵng,Đà Nẵng,25 - 50 triệu,25.0,50.0,37.5,2-5 năm,2.0,5.0,Middle (3-5 năm),"['AWS', 'CI/CD', 'Docker', 'Git', 'Jira', 'Kubernetes', 'Linux', 'Prometheus', 'Terraform']",9,"AWS, CI/CD, Docker, Git, Jira, Kubernetes, Linux, Prometheus, Terraform",DevOps / Cloud Engineer,2026-08-16,https://recruitment.mock.vn/job/sim_221ba0f7,EnrichedMarketData
sim_83e594bc,Mobile App Developer (Flutter / React Native),LG Electronics R&D,Đà Nẵng,Đà Nẵng,18 - 35 triệu,18.0,35.0,26.5,2-4 năm,2.0,4.0,Middle (3-5 năm),"['Android', 'CI/CD', 'Dart', 'Flutter', 'Jira', 'RESTful API', 'React', 'iOS']",8,"Android, CI/CD, Dart, Flutter, Jira, RESTful API, React, iOS",Frontend Developer,2026-08-24,https://recruitment.mock.vn/job/sim_83e594bc,EnrichedMarketData
sim_27001322,Fresher / Intern Software Engineer,VNPT IT,Hà Nội,Hà Nội,Thỏa thuận,,,,Không yêu cầu,0.0,1.0,Fresher / Intern,"['C++', 'Data Structures', 'Git', 'Java', 'OOP', 'Redis', 'SQL']",7,"C++, Data Structures, Git, Java, OOP, Redis, SQL",Backend Developer,2026-09-09,https://recruitment.mock.vn/job/sim_27001322,EnrichedMarketData
sim_0eeeb3d7,Mobile App Developer (Flutter / React Native),Shopee Vietnam,Hồ Chí Minh,Hồ Chí Minh,Thỏa thuận,,,,2-4 năm,2.0,4.0,Middle (3-5 năm),"['Android', 'CI/CD', 'Dart', 'Flutter', 'Git', 'RESTful API', 'React', 'iOS']",8,"Android, CI/CD, Dart, Flutter, Git, RESTful API, React, iOS",Frontend Developer,2026-08-24,https://recruitment.mock.vn/job/sim_0eeeb3d7,EnrichedMarketData
sim_476e7579,QA / QC Automation Engineer,MB Bank Digital Hub,Hồ Chí Minh,Hồ Chí Minh,1355 - 3093 USD,34.4,78.6,56.5,2-4 năm,2.0,4.0,Middle (3-5 năm),"['Appium', 'JMeter', 'Java', 'Postman', 'Python', 'Redis', 'Selenium']",7,"Appium, JMeter, Java, Postman, Python, Redis, Selenium",QA / QC / Automation Tester,2026-09-08,https://recruitment.mock.vn/job/sim_476e7579,EnrichedMarketData
sim_c594afee,Senior Java Developer,Sun Asterisk,Remote,Remote / Toàn quốc,Thỏa thuận,,,,4-6 năm,4.0,6.0,Senior / Lead (>5 năm),"['Apache Kafka', 'Docker', 'Java', 'Jira', 'Linux', 'Microservices', 'MySQL', 'Spring Boot']",8,"Apache Kafka, Docker, Java, Jira, Linux, Microservices, MySQL, Spring Boot",Backend Developer,2026-08-24,https://recruitment.mock.vn/job/sim_c594afee,EnrichedMarketData
sim_aa9504cb,QA / QC Automation Engineer,Rikkeisoft,Hồ Chí Minh,Hồ Chí Minh,22 - 55 triệu,22.0,55.0,38.5,2-4 năm,2.0,4.0,Middle (3-5 năm),"['Appium', 'JMeter', 'Java', 'Linux', 'Postman', 'Python', 'RESTful API', 'Redis', 'Selenium']",9,"Appium, JMeter, Java, Linux, Postman, Python, RESTful API, Redis, Selenium",QA / QC / Automation Tester,2026-08-27,https://recruitment.mock.vn/job/sim_aa9504cb,EnrichedMarketData
sim_5c9cda3d,Junior Python Backend Developer,Enouvo IT Solutions,Hồ Chí Minh,Hồ Chí Minh,1689 - 3174 USD,42.9,80.6,61.8,1-2 năm,1.0,2.0,Junior (1-2 năm),"['Django / FastAPI', 'Docker', 'Git', 'PostgreSQL', 'Python']",5,"Django / FastAPI, Docker, Git, PostgreSQL, Python",Backend Developer,2026-08-30,https://recruitment.mock.vn/job/sim_5c9cda3d,EnrichedMarketData
sim_4fca862f,Junior Python Backend Developer,Orient Software,Hà Nội,Hà Nội,1586 - 2834 USD,40.3,72.0,56.1,1-2 năm,1.0,2.0,Junior (1-2 năm),"['Django / FastAPI', 'Docker', 'Git', 'PostgreSQL', 'Python']",5,"Django / FastAPI, Docker, Git, PostgreSQL, Python",Backend Developer,2026-09-02,https://recruitment.mock.vn/job/sim_4fca862f,EnrichedMarketData
sim_65a7db93,Fullstack .NET & Angular Developer,Enouvo IT Solutions,Đà Nẵng,Đà Nẵng,20 - 40 triệu,20.0,40.0,30.0,2-4 năm,2.0,4.0,Middle (3-5 năm),"['.NET Core', 'Angular', 'Azure', 'C#', 'Docker', 'Entity Framework', 'Jira', 'RESTful API', 'SQL']",9,".NET Core, Angular, Azure, C#, Docker, Entity Framework, Jira, RESTful API, SQL",Frontend Developer,2026-09-06,https://recruitment.mock.vn/job/sim_65a7db93,EnrichedMarketData
sim_5a1afb5b,QA / QC Automation Engineer,Viettel Solutions,Remote,Remote / Toàn quốc,1061 - 3031 USD,26.9,77.0,52.0,2-4 năm,2.0,4.0,Middle (3-5 năm),"['Appium', 'JMeter', 'Java', 'Jira', 'Postman', 'Python', 'Selenium']",7,"Appium, JMeter, Java, Jira, Postman, Python, Selenium",QA / QC / Automation Tester,2026-09-11,https://recruitment.mock.vn/job/sim_5a1afb5b,EnrichedMarketData
sim_bdd41a6c,Senior Java Developer,MB Bank Digital Hub,Remote,Remote / Toàn quốc,Thỏa thuận,,,,4-6 năm,4.0,6.0,Senior / Lead (>5 năm),"['Apache Kafka', 'Docker', 'Java', 'Linux', 'Microservices', 'MySQL', 'Redis', 'Spring Boot']",8,"Apache Kafka, Docker, Java, Linux, Microservices, MySQL, Redis, Spring Boot",Backend Developer,2026-08-22,https://recruitment.mock.vn/job/sim_bdd41a6c,EnrichedMarketData
sim_0ac299a4,"Data Engineer (Spark, Hadoop, AWS)",FPT Software,Hồ Chí Minh,Hồ Chí Minh,25 - 42 triệu,25.0,42.0,33.5,3-5 năm,3.0,5.0,Middle (3-5 năm),"['AWS', 'Airflow', 'Apache Kafka', 'Apache Spark', 'CI/CD', 'Hadoop / HDFS', 'Python', 'SQL']",8,"AWS, Airflow, Apache Kafka, Apache Spark, CI/CD, Hadoop / HDFS, Python, SQL",Data Engineer / Big Data,2026-08-21,https://recruitment.mock.vn/job/sim_0ac299a4,EnrichedMarketData
sim_954c1605,Backend Engineer (Golang/Python),Tiki Corporation,Hà Nội,Hà Nội,Thỏa thuận,,,,3-5 năm,3.0,5.0,Middle (3-5 năm),"['CI/CD', 'Golang', 'Jira', 'Kubernetes', 'Linux', 'PostgreSQL', 'Python', 'Redis', 'gRPC']",9,"CI/CD, Golang, Jira, Kubernetes, Linux, PostgreSQL, Python, Redis, gRPC",Backend Developer,2026-09-04,https://recruitment.mock.vn/job/sim_954c1605,EnrichedMarketData
sim_97006aeb,Senior Java Developer,Shopee Vietnam,Đà Nẵng,Đà Nẵng,18 - 36 triệu,18.0,36.0,27.0,4-6 năm,4.0,6.0,Senior / Lead (>5 năm),"['Apache Kafka', 'Docker', 'Git', 'Java', 'Jira', 'Linux', 'Microservices', 'MySQL', 'Spring Boot']",9,"Apache Kafka, Docker, Git, Java, Jira, Linux, Microservices, MySQL, Spring Boot",Backend Developer,2026-08-26,https://recruitment.mock.vn/job/sim_97006aeb,EnrichedMarketData
sim_5a445641,Fullstack .NET & Angular Developer,DEK Technologies,Remote,Remote / Toàn quốc,30 - 36 triệu,30.0,36.0,33.0,2-4 năm,2.0,4.0,Middle (3-5 năm),"['.NET Core', 'Angular', 'Azure', 'C#', 'CI/CD', 'Entity Framework', 'SQL']",7,".NET Core, Angular, Azure, C#, CI/CD, Entity Framework, SQL",Frontend Developer,2026-09-10,https://recruitment.mock.vn/job/sim_5a445641,EnrichedMarketData
sim_0d2594ce,Senior Java Developer,Zalo Group,Hà Nội,Hà Nội,1114 - 2364 USD,28.3,60.0,44.2,4-6 năm,4.0,6.0,Senior / Lead (>5 năm),"['Apache Kafka', 'CI/CD', 'Docker', 'Java', 'Microservices', 'MySQL', 'Redis', 'Spring Boot']",8,"Apache Kafka, CI/CD, Docker, Java, Microservices, MySQL, Redis, Spring Boot",Backend Developer,2026-09-06,https://recruitment.mock.vn/job/sim_0d2594ce,EnrichedMarketData
sim_075b6365,"Data Engineer (Spark, Hadoop, AWS)",VNPT IT,Đà Nẵng,Đà Nẵng,1102 - 3184 USD,28.0,80.9,54.4,3-5 năm,3.0,5.0,Middle (3-5 năm),"['AWS', 'Airflow', 'Apache Kafka', 'Apache Spark', 'Hadoop / HDFS', 'Linux', 'Python', 'RESTful API', 'SQL']",9,"AWS, Airflow, Apache Kafka, Apache Spark, Hadoop / HDFS, Linux, Python, RESTful API, SQL",Data Engineer / Big Data,2026-08-23,https://recruitment.mock.vn/job/sim_075b6365,EnrichedMarketData
sim_329ec35a,"Data Engineer (Spark, Hadoop, AWS)",VNG Corporation,Hà Nội,Hà Nội,30 - 35 triệu,30.0,35.0,32.5,3-5 năm,3.0,5.0,Middle (3-5 năm),"['AWS', 'Airflow', 'Apache Kafka', 'Apache Spark', 'CI/CD', 'Hadoop / HDFS', 'Python', 'SQL']",8,"AWS, Airflow, Apache Kafka, Apache Spark, CI/CD, Hadoop / HDFS, Python, SQL",Data Engineer / Big Data,2026-09-04,https://recruitment.mock.vn/job/sim_329ec35a,EnrichedMarketData
sim_4e4bea3a,Fullstack .NET & Angular Developer,Axon Active Vietnam,Hà Nội,Hà Nội,Thỏa thuận,,,,2-4 năm,2.0,4.0,Middle (3-5 năm),"['.NET Core', 'Angular', 'Azure', 'C#', 'Entity Framework', 'Redis', 'SQL']",7,".NET Core, Angular, Azure, C#, Entity Framework, Redis, SQL",Frontend Developer,2026-09-01,https://recruitment.mock.vn/job/sim_4e4bea3a,EnrichedMarketData
sim_084c72c8,AI / Machine Learning Engineer,One Mount Group,Remote,Remote / Toàn quốc,1342 - 2865 USD,34.1,72.8,53.4,2-5 năm,2.0,5.0,Middle (3-5 năm),"['AI / Machine Learning', 'CI/CD', 'Computer Vision', 'Docker', 'Linux', 'Python']",6,"AI / Machine Learning, CI/CD, Computer Vision, Docker, Linux, Python",AI / Machine Learning Engineer,2026-08-23,https://recruitment.mock.vn/job/sim_084c72c8,EnrichedMarketData
sim_8fecc61d,AI / Machine Learning Engineer,MOMO,Đà Nẵng,Đà Nẵng,1593 - 2453 USD,40.5,62.3,51.4,2-5 năm,2.0,5.0,Middle (3-5 năm),"['AI / Machine Learning', 'Computer Vision', 'Docker', 'Git', 'Jira', 'Linux', 'Python']",7,"AI / Machine Learning, Computer Vision, Docker, Git, Jira, Linux, Python",AI / Machine Learning Engineer,2026-08-30,https://recruitment.mock.vn/job/sim_8fecc61d,EnrichedMarketData
sim_a2fe2aad,Mobile App Developer (Flutter / React Native),DEK Technologies,Hà Nội,Hà Nội,Thỏa thuận,,,,2-4 năm,2.0,4.0,Middle (3-5 năm),"['Android', 'CI/CD', 'Dart', 'Docker', 'Flutter', 'Git', 'RESTful API', 'React', 'iOS']",9,"Android, CI/CD, Dart, Docker, Flutter, Git, RESTful API, React, iOS",Frontend Developer,2026-08-20,https://recruitment.mock.vn/job/sim_a2fe2aad,EnrichedMarketData
sim_9b5fbff1,Senior Java Developer,DEK Technologies,Hà Nội,Hà Nội,35 - 55 triệu,35.0,55.0,45.0,4-6 năm,4.0,6.0,Senior / Lead (>5 năm),"['Apache Kafka', 'CI/CD', 'Docker', 'Java', 'Microservices', 'MySQL', 'Spring Boot']",7,"Apache Kafka, CI/CD, Docker, Java, Microservices, MySQL, Spring Boot",Backend Developer,2026-08-15,https://recruitment.mock.vn/job/sim_9b5fbff1,EnrichedMarketData
sim_9ef77a31,Fullstack .NET & Angular Developer,FPT Software,Đà Nẵng,Đà Nẵng,1315 - 2420 USD,33.4,61.5,47.4,2-4 năm,2.0,4.0,Middle (3-5 năm),"['.NET Core', 'Angular', 'Azure', 'C#', 'Entity Framework', 'Git', 'Redis', 'SQL']",8,".NET Core, Angular, Azure, C#, Entity Framework, Git, Redis, SQL",Frontend Developer,2026-08-17,https://recruitment.mock.vn/job/sim_9ef77a31,EnrichedMarketData
sim_4b1adc0a,Fresher / Intern Software Engineer,NashTech Vietnam,Hồ Chí Minh,Hồ Chí Minh,25 - 48 triệu,25.0,48.0,36.5,Không yêu cầu,0.0,1.0,Fresher / Intern,"['C++', 'CI/CD', 'Data Structures', 'Git', 'Java', 'OOP', 'SQL']",7,"C++, CI/CD, Data Structures, Git, Java, OOP, SQL",Backend Developer,2026-09-08,https://recruitment.mock.vn/job/sim_4b1adc0a,EnrichedMarketData
sim_0f6dad16,Junior Python Backend Developer,VNPT IT,Remote,Remote / Toàn quốc,12 - 20 triệu,12.0,20.0,16.0,1-2 năm,1.0,2.0,Junior (1-2 năm),"['Django / FastAPI', 'Docker', 'Git', 'PostgreSQL', 'Python', 'RESTful API']",6,"Django / FastAPI, Docker, Git, PostgreSQL, Python, RESTful API",Backend Developer,2026-08-16,https://recruitment.mock.vn/job/sim_0f6dad16,EnrichedMarketData
sim_8e60826c,"Data Engineer (Spark, Hadoop, AWS)",Rikkeisoft,Hồ Chí Minh,Hồ Chí Minh,1504 - 2212 USD,38.2,56.2,47.2,3-5 năm,3.0,5.0,Middle (3-5 năm),"['AWS', 'Airflow', 'Apache Kafka', 'Apache Spark', 'CI/CD', 'Git', 'Hadoop / HDFS', 'Python', 'RESTful API', 'SQL']",10,"AWS, Airflow, Apache Kafka, Apache Spark, CI/CD, Git, Hadoop / HDFS, Python, RESTful API, SQL",Data Engineer / Big Data,2026-09-01,https://recruitment.mock.vn/job/sim_8e60826c,EnrichedMarketData
sim_9aea8f03,Fresher / Intern Software Engineer,Enouvo IT Solutions,Remote,Remote / Toàn quốc,6 - 10 triệu,6.0,10.0,8.0,Không yêu cầu,0.0,1.0,Fresher / Intern,"['C++', 'CI/CD', 'Data Structures', 'Git', 'Java', 'Linux', 'OOP', 'SQL']",8,"C++, CI/CD, Data Structures, Git, Java, Linux, OOP, SQL",Backend Developer,2026-08-24,https://recruitment.mock.vn/job/sim_9aea8f03,EnrichedMarketData
sim_5a6de64b,Mobile App Developer (Flutter / React Native),One Mount Group,Hồ Chí Minh,Hồ Chí Minh,18 - 35 triệu,18.0,35.0,26.5,2-4 năm,2.0,4.0,Middle (3-5 năm),"['Android', 'Dart', 'Flutter', 'Git', 'RESTful API', 'React', 'iOS']",7,"Android, Dart, Flutter, Git, RESTful API, React, iOS",Frontend Developer,2026-08-31,https://recruitment.mock.vn/job/sim_5a6de64b,EnrichedMarketData
sim_a23c9de0,Junior Python Backend Developer,Techcombank,Hồ Chí Minh,Hồ Chí Minh,12 - 20 triệu,12.0,20.0,16.0,1-2 năm,1.0,2.0,Junior (1-2 năm),"['Django / FastAPI', 'Docker', 'Git', 'PostgreSQL', 'Python']",5,"Django / FastAPI, Docker, Git, PostgreSQL, Python",Backend Developer,2026-09-01,https://recruitment.mock.vn/job/sim_a23c9de0,EnrichedMarketData
sim_b8f2451c,DevOps Engineer,Techcombank,Remote,Remote / Toàn quốc,Thỏa thuận,,,,2-5 năm,2.0,5.0,Middle (3-5 năm),"['AWS', 'CI/CD', 'Docker', 'Kubernetes', 'Linux', 'Prometheus', 'RESTful API', 'Terraform']",8,"AWS, CI/CD, Docker, Kubernetes, Linux, Prometheus, RESTful API, Terraform",DevOps / Cloud Engineer,2026-09-04,https://recruitment.mock.vn/job/sim_b8f2451c,EnrichedMarketData
sim_6cd2aa8b,QA / QC Automation Engineer,NAB Innovation Centre Vietnam,Hà Nội,Hà Nội,1578 - 3237 USD,40.1,82.2,61.2,2-4 năm,2.0,4.0,Middle (3-5 năm),"['Appium', 'Docker', 'JMeter', 'Java', 'Linux', 'Postman', 'Python', 'Selenium']",8,"Appium, Docker, JMeter, Java, Linux, Postman, Python, Selenium",QA / QC / Automation Tester,2026-08-27,https://recruitment.mock.vn/job/sim_6cd2aa8b,EnrichedMarketData
sim_ec525be9,Fresher / Intern Software Engineer,Sun Asterisk,Hồ Chí Minh,Hồ Chí Minh,6 - 10 triệu,6.0,10.0,8.0,Không yêu cầu,0.0,1.0,Fresher / Intern,"['C++', 'CI/CD', 'Data Structures', 'Git', 'Java', 'Jira', 'OOP', 'SQL']",8,"C++, CI/CD, Data Structures, Git, Java, Jira, OOP, SQL",Backend Developer,2026-09-04,https://recruitment.mock.vn/job/sim_ec525be9,EnrichedMarketData
sim_51b567e4,AI / Machine Learning Engineer,BOSCH Vietnam,Đà Nẵng,Đà Nẵng,1087 - 2282 USD,27.6,58.0,42.8,2-5 năm,2.0,5.0,Middle (3-5 năm),"['AI / Machine Learning', 'Computer Vision', 'Docker', 'Python']",4,"AI / Machine Learning, Computer Vision, Docker, Python",AI / Machine Learning Engineer,2026-09-06,https://recruitment.mock.vn/job/sim_51b567e4,EnrichedMarketData
sim_1aca158b,DevOps Engineer,SmartOSC,Remote,Remote / Toàn quốc,25 - 59 triệu,25.0,59.0,42.0,2-5 năm,2.0,5.0,Middle (3-5 năm),"['AWS', 'CI/CD', 'Docker', 'Jira', 'Kubernetes', 'Linux', 'Prometheus', 'RESTful API', 'Terraform']",9,"AWS, CI/CD, Docker, Jira, Kubernetes, Linux, Prometheus, RESTful API, Terraform",DevOps / Cloud Engineer,2026-08-26,https://recruitment.mock.vn/job/sim_1aca158b,EnrichedMarketData
sim_929c1284,"Data Engineer (Spark, Hadoop, AWS)",DEK Technologies,Hồ Chí Minh,Hồ Chí Minh,Thỏa thuận,,,,3-5 năm,3.0,5.0,Middle (3-5 năm),"['AWS', 'Airflow', 'Apache Kafka', 'Apache Spark', 'Git', 'Hadoop / HDFS', 'Linux', 'Python', 'RESTful API', 'SQL']",10,"AWS, Airflow, Apache Kafka, Apache Spark, Git, Hadoop / HDFS, Linux, Python, RESTful API, SQL",Data Engineer / Big Data,2026-09-03,https://recruitment.mock.vn/job/sim_929c1284,EnrichedMarketData
sim_bafcee84,Frontend Developer (ReactJS/TypeScript),Grab Vietnam,Đà Nẵng,Đà Nẵng,26 - 43 triệu,26.0,43.0,34.5,2-4 năm,2.0,4.0,Middle (3-5 năm),"['Git', 'HTML/CSS', 'Linux', 'RESTful API', 'React', 'Redux', 'TypeScript']",7,"Git, HTML/CSS, Linux, RESTful API, React, Redux, TypeScript",Frontend Developer,2026-08-19,https://recruitment.mock.vn/job/sim_bafcee84,EnrichedMarketData
sim_8466cee8,Backend Engineer (Golang/Python),NashTech Vietnam,Hà Nội,Hà Nội,25 - 45 triệu,25.0,45.0,35.0,3-5 năm,3.0,5.0,Middle (3-5 năm),"['Git', 'Golang', 'Kubernetes', 'PostgreSQL', 'Python', 'Redis', 'gRPC']",7,"Git, Golang, Kubernetes, PostgreSQL, Python, Redis, gRPC",Backend Developer,2026-08-14,https://recruitment.mock.vn/job/sim_8466cee8,EnrichedMarketData
sim_8e50e090,Frontend Developer (ReactJS/TypeScript),DEK Technologies,Hà Nội,Hà Nội,Thỏa thuận,,,,2-4 năm,2.0,4.0,Middle (3-5 năm),"['CI/CD', 'HTML/CSS', 'React', 'Redux', 'TypeScript']",5,"CI/CD, HTML/CSS, React, Redux, TypeScript",Frontend Developer,2026-09-08,https://recruitment.mock.vn/job/sim_8e50e090,EnrichedMarketData
sim_e986cae3,QA / QC Automation Engineer,Techcombank,Hồ Chí Minh,Hồ Chí Minh,Thỏa thuận,,,,2-4 năm,2.0,4.0,Middle (3-5 năm),"['Appium', 'Docker', 'JMeter', 'Java', 'Postman', 'Python', 'Selenium']",7,"Appium, Docker, JMeter, Java, Postman, Python, Selenium",QA / QC / Automation Tester,2026-08-23,https://recruitment.mock.vn/job/sim_e986cae3,EnrichedMarketData
sim_ca8d6231,"Data Engineer (Spark, Hadoop, AWS)",Shopee Vietnam,Hà Nội,Hà Nội,27 - 59 triệu,27.0,59.0,43.0,3-5 năm,3.0,5.0,Middle (3-5 năm),"['AWS', 'Airflow', 'Apache Kafka', 'Apache Spark', 'CI/CD', 'Git', 'Hadoop / HDFS', 'Linux', 'Python', 'SQL']",10,"AWS, Airflow, Apache Kafka, Apache Spark, CI/CD, Git, Hadoop / HDFS, Linux, Python, SQL",Data Engineer / Big Data,2026-08-27,https://recruitment.mock.vn/job/sim_ca8d6231,EnrichedMarketData
sim_94bb80e3,AI / Machine Learning Engineer,VTI Group,Đà Nẵng,Đà Nẵng,1656 - 2395 USD,42.1,60.8,51.4,2-5 năm,2.0,5.0,Middle (3-5 năm),"['AI / Machine Learning', 'Computer Vision', 'Docker', 'Linux', 'Python']",5,"AI / Machine Learning, Computer Vision, Docker, Linux, Python",AI / Machine Learning Engineer,2026-08-31,https://recruitment.mock.vn/job/sim_94bb80e3,EnrichedMarketData
sim_3fb8b04e,Fullstack .NET & Angular Developer,VNPT IT,Hồ Chí Minh,Hồ Chí Minh,Thỏa thuận,,,,2-4 năm,2.0,4.0,Middle (3-5 năm),"['.NET Core', 'Angular', 'Azure', 'C#', 'Entity Framework', 'RESTful API', 'SQL']",7,".NET Core, Angular, Azure, C#, Entity Framework, RESTful API, SQL",Frontend Developer,2026-09-07,https://recruitment.mock.vn/job/sim_3fb8b04e,EnrichedMarketData
sim_ed43e553,"Data Analyst (Power BI, SQL, Python)",Orient Software,Remote,Remote / Toàn quốc,Thỏa thuận,,,,1-3 năm,1.0,3.0,Middle (3-5 năm),"['CI/CD', 'Data Modeling', 'Excel', 'Git', 'Power BI / BI', 'Python', 'RESTful API', 'SQL']",8,"CI/CD, Data Modeling, Excel, Git, Power BI / BI, Python, RESTful API, SQL",Data Analyst / BI,2026-08-20,https://recruitment.mock.vn/job/sim_ed43e553,EnrichedMarketData
sim_af3fa59f,Mobile App Developer (Flutter / React Native),Sutrix Group,Hồ Chí Minh,Hồ Chí Minh,1297 - 2420 USD,32.9,61.5,47.2,2-4 năm,2.0,4.0,Middle (3-5 năm),"['Android', 'Dart', 'Flutter', 'Jira', 'RESTful API', 'React', 'Redis', 'iOS']",8,"Android, Dart, Flutter, Jira, RESTful API, React, Redis, iOS",Frontend Developer,2026-08-20,https://recruitment.mock.vn/job/sim_af3fa59f,EnrichedMarketData
sim_b6dca4bb,Fresher / Intern Software Engineer,Axon Active Vietnam,Remote,Remote / Toàn quốc,Thỏa thuận,,,,Không yêu cầu,0.0,1.0,Fresher / Intern,"['C++', 'Data Structures', 'Git', 'Java', 'OOP', 'RESTful API', 'Redis', 'SQL']",8,"C++, Data Structures, Git, Java, OOP, RESTful API, Redis, SQL",Backend Developer,2026-09-01,https://recruitment.mock.vn/job/sim_b6dca4bb,EnrichedMarketData
sim_db389cb1,AI / Machine Learning Engineer,Nal Solutions,Hà Nội,Hà Nội,30 - 70 triệu,30.0,70.0,50.0,2-5 năm,2.0,5.0,Middle (3-5 năm),"['AI / Machine Learning', 'Computer Vision', 'Docker', 'Jira', 'Linux', 'Python']",6,"AI / Machine Learning, Computer Vision, Docker, Jira, Linux, Python",AI / Machine Learning Engineer,2026-08-19,https://recruitment.mock.vn/job/sim_db389cb1,EnrichedMarketData
sim_52503765,QA / QC Automation Engineer,Orient Software,Remote,Remote / Toàn quốc,1534 - 2896 USD,39.0,73.6,56.3,2-4 năm,2.0,4.0,Middle (3-5 năm),"['Appium', 'Docker', 'JMeter', 'Java', 'Jira', 'Linux', 'Postman', 'Python', 'Selenium']",9,"Appium, Docker, JMeter, Java, Jira, Linux, Postman, Python, Selenium",QA / QC / Automation Tester,2026-08-24,https://recruitment.mock.vn/job/sim_52503765,EnrichedMarketData
sim_70feeaaf,Mobile App Developer (Flutter / React Native),Samsung Electronics R&D (SRV),Hồ Chí Minh,Hồ Chí Minh,Thỏa thuận,,,,2-4 năm,2.0,4.0,Middle (3-5 năm),"['Android', 'Dart', 'Flutter', 'Git', 'RESTful API', 'React', 'iOS']",7,"Android, Dart, Flutter, Git, RESTful API, React, iOS",Frontend Developer,2026-09-04,https://recruitment.mock.vn/job/sim_70feeaaf,EnrichedMarketData
sim_03445d76,"Data Engineer (Spark, Hadoop, AWS)",SmartOSC,Hà Nội,Hà Nội,Thỏa thuận,,,,3-5 năm,3.0,5.0,Middle (3-5 năm),"['AWS', 'Airflow', 'Apache Kafka', 'Apache Spark', 'Docker', 'Hadoop / HDFS', 'Linux', 'Python', 'SQL']",9,"AWS, Airflow, Apache Kafka, Apache Spark, Docker, Hadoop / HDFS, Linux, Python, SQL",Data Engineer / Big Data,2026-08-16,https://recruitment.mock.vn/job/sim_03445d76,EnrichedMarketData
sim_cc01088e,Frontend Developer (ReactJS/TypeScript),Tiki Corporation,Remote,Remote / Toàn quốc,1057 - 3308 USD,26.8,84.0,55.4,2-4 năm,2.0,4.0,Middle (3-5 năm),"['CI/CD', 'Docker', 'HTML/CSS', 'Linux', 'React', 'Redux', 'TypeScript']",7,"CI/CD, Docker, HTML/CSS, Linux, React, Redux, TypeScript",Frontend Developer,2026-08-21,https://recruitment.mock.vn/job/sim_cc01088e,EnrichedMarketData
sim_97fbe6c0,Mobile App Developer (Flutter / React Native),VPBank Digital Banking,Đà Nẵng,Đà Nẵng,1634 - 3460 USD,41.5,87.9,64.7,2-4 năm,2.0,4.0,Middle (3-5 năm),"['Android', 'Dart', 'Flutter', 'Jira', 'RESTful API', 'React', 'iOS']",7,"Android, Dart, Flutter, Jira, RESTful API, React, iOS",Frontend Developer,2026-08-27,https://recruitment.mock.vn/job/sim_97fbe6c0,EnrichedMarketData
sim_1eeb6709,"Data Engineer (Spark, Hadoop, AWS)",NAB Innovation Centre Vietnam,Hà Nội,Hà Nội,30 - 60 triệu,30.0,60.0,45.0,3-5 năm,3.0,5.0,Middle (3-5 năm),"['AWS', 'Airflow', 'Apache Kafka', 'Apache Spark', 'Git', 'Hadoop / HDFS', 'Linux', 'Python', 'SQL']",9,"AWS, Airflow, Apache Kafka, Apache Spark, Git, Hadoop / HDFS, Linux, Python, SQL",Data Engineer / Big Data,2026-08-13,https://recruitment.mock.vn/job/sim_1eeb6709,EnrichedMarketData
sim_61a0b59f,Fullstack .NET & Angular Developer,VTI Group,Remote,Remote / Toàn quốc,26 - 52 triệu,26.0,52.0,39.0,2-4 năm,2.0,4.0,Middle (3-5 năm),"['.NET Core', 'Angular', 'Azure', 'C#', 'CI/CD', 'Entity Framework', 'Jira', 'Linux', 'SQL']",9,".NET Core, Angular, Azure, C#, CI/CD, Entity Framework, Jira, Linux, SQL",Frontend Developer,2026-08-25,https://recruitment.mock.vn/job/sim_61a0b59f,EnrichedMarketData
sim_3252e133,"Data Analyst (Power BI, SQL, Python)",BOSCH Vietnam,Hồ Chí Minh,Hồ Chí Minh,1658 - 2248 USD,42.1,57.1,49.6,1-3 năm,1.0,3.0,Middle (3-5 năm),"['Data Modeling', 'Excel', 'Power BI / BI', 'Python', 'RESTful API', 'Redis', 'SQL']",7,"Data Modeling, Excel, Power BI / BI, Python, RESTful API, Redis, SQL",Data Analyst / BI,2026-08-26,https://recruitment.mock.vn/job/sim_3252e133,EnrichedMarketData
sim_4b91adac,Junior Python Backend Developer,MB Bank Digital Hub,Hồ Chí Minh,Hồ Chí Minh,12 - 20 triệu,12.0,20.0,16.0,1-2 năm,1.0,2.0,Junior (1-2 năm),"['CI/CD', 'Django / FastAPI', 'Docker', 'Git', 'PostgreSQL', 'Python', 'Redis']",7,"CI/CD, Django / FastAPI, Docker, Git, PostgreSQL, Python, Redis",Backend Developer,2026-08-27,https://recruitment.mock.vn/job/sim_4b91adac,EnrichedMarketData
sim_0f058e40,QA / QC Automation Engineer,SmartOSC,Remote,Remote / Toàn quốc,16 - 32 triệu,16.0,32.0,24.0,2-4 năm,2.0,4.0,Middle (3-5 năm),"['Appium', 'Docker', 'Git', 'JMeter', 'Java', 'Postman', 'Python', 'Redis', 'Selenium']",9,"Appium, Docker, Git, JMeter, Java, Postman, Python, Redis, Selenium",QA / QC / Automation Tester,2026-08-14,https://recruitment.mock.vn/job/sim_0f058e40,EnrichedMarketData
sim_ed037d7b,DevOps Engineer,Samsung Electronics R&D (SRV),Hồ Chí Minh,Hồ Chí Minh,Thỏa thuận,,,,2-5 năm,2.0,5.0,Middle (3-5 năm),"['AWS', 'CI/CD', 'Docker', 'Git', 'Kubernetes', 'Linux', 'Prometheus', 'RESTful API', 'Redis', 'Terraform']",10,"AWS, CI/CD, Docker, Git, Kubernetes, Linux, Prometheus, RESTful API, Redis, Terraform",DevOps / Cloud Engineer,2026-08-19,https://recruitment.mock.vn/job/sim_ed037d7b,EnrichedMarketData
sim_33674341,Fullstack .NET & Angular Developer,Nal Solutions,Hồ Chí Minh,Hồ Chí Minh,Thỏa thuận,,,,2-4 năm,2.0,4.0,Middle (3-5 năm),"['.NET Core', 'Angular', 'Azure', 'C#', 'Entity Framework', 'Linux', 'Redis', 'SQL']",8,".NET Core, Angular, Azure, C#, Entity Framework, Linux, Redis, SQL",Frontend Developer,2026-08-28,https://recruitment.mock.vn/job/sim_33674341,EnrichedMarketData
sim_2644deb2,"Data Analyst (Power BI, SQL, Python)",MB Bank Digital Hub,Hồ Chí Minh,Hồ Chí Minh,Thỏa thuận,,,,1-3 năm,1.0,3.0,Middle (3-5 năm),"['Data Modeling', 'Docker', 'Excel', 'Jira', 'Power BI / BI', 'Python', 'Redis', 'SQL']",8,"Data Modeling, Docker, Excel, Jira, Power BI / BI, Python, Redis, SQL",Data Analyst / BI,2026-08-27,https://recruitment.mock.vn/job/sim_2644deb2,EnrichedMarketData
sim_06e28101,Frontend Developer (ReactJS/TypeScript),VNPT IT,Đà Nẵng,Đà Nẵng,18 - 56 triệu,18.0,56.0,37.0,2-4 năm,2.0,4.0,Middle (3-5 năm),"['CI/CD', 'HTML/CSS', 'RESTful API', 'React', 'Redux', 'TypeScript']",6,"CI/CD, HTML/CSS, RESTful API, React, Redux, TypeScript",Frontend Developer,2026-08-15,https://recruitment.mock.vn/job/sim_06e28101,EnrichedMarketData
sim_c8e701b0,QA / QC Automation Engineer,Grab Vietnam,Remote,Remote / Toàn quốc,16 - 32 triệu,16.0,32.0,24.0,2-4 năm,2.0,4.0,Middle (3-5 năm),"['Appium', 'JMeter', 'Java', 'Linux', 'Postman', 'Python', 'RESTful API', 'Redis', 'Selenium']",9,"Appium, JMeter, Java, Linux, Postman, Python, RESTful API, Redis, Selenium",QA / QC / Automation Tester,2026-08-14,https://recruitment.mock.vn/job/sim_c8e701b0,EnrichedMarketData
sim_a62506e3,QA / QC Automation Engineer,VTI Group,Remote,Remote / Toàn quốc,Thỏa thuận,,,,2-4 năm,2.0,4.0,Middle (3-5 năm),"['Appium', 'Docker', 'JMeter', 'Java', 'Postman', 'Python', 'RESTful API', 'Selenium']",8,"Appium, Docker, JMeter, Java, Postman, Python, RESTful API, Selenium",QA / QC / Automation Tester,2026-08-17,https://recruitment.mock.vn/job/sim_a62506e3,EnrichedMarketData
sim_191e18df,"Data Analyst (Power BI, SQL, Python)",LG Electronics R&D,Hà Nội,Hà Nội,15 - 28 triệu,15.0,28.0,21.5,1-3 năm,1.0,3.0,Middle (3-5 năm),"['CI/CD', 'Data Modeling', 'Excel', 'Power BI / BI', 'Python', 'SQL']",6,"CI/CD, Data Modeling, Excel, Power BI / BI, Python, SQL",Data Analyst / BI,2026-09-11,https://recruitment.mock.vn/job/sim_191e18df,EnrichedMarketData
sim_5fa6e516,DevOps Engineer,Zalo Group,Remote,Remote / Toàn quốc,1767 - 2550 USD,44.9,64.8,54.8,2-5 năm,2.0,5.0,Middle (3-5 năm),"['AWS', 'CI/CD', 'Docker', 'Git', 'Kubernetes', 'Linux', 'Prometheus', 'Terraform']",8,"AWS, CI/CD, Docker, Git, Kubernetes, Linux, Prometheus, Terraform",DevOps / Cloud Engineer,2026-08-31,https://recruitment.mock.vn/job/sim_5fa6e516,EnrichedMarketData
sim_10921505,QA / QC Automation Engineer,Zalo Group,Hồ Chí Minh,Hồ Chí Minh,1289 - 2227 USD,32.7,56.6,44.7,2-4 năm,2.0,4.0,Middle (3-5 năm),"['Appium', 'Git', 'JMeter', 'Java', 'Postman', 'Python', 'Redis', 'Selenium']",8,"Appium, Git, JMeter, Java, Postman, Python, Redis, Selenium",QA / QC / Automation Tester,2026-09-02,https://recruitment.mock.vn/job/sim_10921505,EnrichedMarketData
sim_d77be656,Senior Java Developer,NAB Innovation Centre Vietnam,Hà Nội,Hà Nội,35 - 55 triệu,35.0,55.0,45.0,4-6 năm,4.0,6.0,Senior / Lead (>5 năm),"['Apache Kafka', 'CI/CD', 'Docker', 'Git', 'Java', 'Microservices', 'MySQL', 'Spring Boot']",8,"Apache Kafka, CI/CD, Docker, Git, Java, Microservices, MySQL, Spring Boot",Backend Developer,2026-09-11,https://recruitment.mock.vn/job/sim_d77be656,EnrichedMarketData
sim_44d2bdbf,Fullstack .NET & Angular Developer,VPBank Digital Banking,Hồ Chí Minh,Hồ Chí Minh,20 - 40 triệu,20.0,40.0,30.0,2-4 năm,2.0,4.0,Middle (3-5 năm),"['.NET Core', 'Angular', 'Azure', 'C#', 'CI/CD', 'Docker', 'Entity Framework', 'Jira', 'SQL']",9,".NET Core, Angular, Azure, C#, CI/CD, Docker, Entity Framework, Jira, SQL",Frontend Developer,2026-09-12,https://recruitment.mock.vn/job/sim_44d2bdbf,EnrichedMarketData
sim_e2a3d8bf,"Data Analyst (Power BI, SQL, Python)",KMS Technology,Hà Nội,Hà Nội,15 - 28 triệu,15.0,28.0,21.5,1-3 năm,1.0,3.0,Middle (3-5 năm),"['CI/CD', 'Data Modeling', 'Excel', 'Git', 'Jira', 'Power BI / BI', 'Python', 'SQL']",8,"CI/CD, Data Modeling, Excel, Git, Jira, Power BI / BI, Python, SQL",Data Analyst / BI,2026-08-30,https://recruitment.mock.vn/job/sim_e2a3d8bf,EnrichedMarketData
sim_61567f82,"Data Engineer (Spark, Hadoop, AWS)",Zalo Group,Hà Nội,Hà Nội,30 - 60 triệu,30.0,60.0,45.0,3-5 năm,3.0,5.0,Middle (3-5 năm),"['AWS', 'Airflow', 'Apache Kafka', 'Apache Spark', 'CI/CD', 'Hadoop / HDFS', 'Python', 'SQL']",8,"AWS, Airflow, Apache Kafka, Apache Spark, CI/CD, Hadoop / HDFS, Python, SQL",Data Engineer / Big Data,2026-09-02,https://recruitment.mock.vn/job/sim_61567f82,EnrichedMarketData
sim_b419593c,"Data Analyst (Power BI, SQL, Python)",DEK Technologies,Đà Nẵng,Đà Nẵng,Thỏa thuận,,,,1-3 năm,1.0,3.0,Middle (3-5 năm),"['Data Modeling', 'Excel', 'Git', 'Jira', 'Power BI / BI', 'Python', 'Redis', 'SQL']",8,"Data Modeling, Excel, Git, Jira, Power BI / BI, Python, Redis, SQL",Data Analyst / BI,2026-09-01,https://recruitment.mock.vn/job/sim_b419593c,EnrichedMarketData
sim_75ae7544,DevOps Engineer,Sun Asterisk,Remote,Remote / Toàn quốc,28 - 35 triệu,28.0,35.0,31.5,2-5 năm,2.0,5.0,Middle (3-5 năm),"['AWS', 'CI/CD', 'Docker', 'Git', 'Kubernetes', 'Linux', 'Prometheus', 'Terraform']",8,"AWS, CI/CD, Docker, Git, Kubernetes, Linux, Prometheus, Terraform",DevOps / Cloud Engineer,2026-09-11,https://recruitment.mock.vn/job/sim_75ae7544,EnrichedMarketData
sim_73685631,"Data Analyst (Power BI, SQL, Python)",VTI Group,Đà Nẵng,Đà Nẵng,Thỏa thuận,,,,1-3 năm,1.0,3.0,Middle (3-5 năm),"['Data Modeling', 'Docker', 'Excel', 'Jira', 'Power BI / BI', 'Python', 'Redis', 'SQL']",8,"Data Modeling, Docker, Excel, Jira, Power BI / BI, Python, Redis, SQL",Data Analyst / BI,2026-09-05,https://recruitment.mock.vn/job/sim_73685631,EnrichedMarketData
sim_81a78fdd,"Data Engineer (Spark, Hadoop, AWS)",Sun Asterisk,Hà Nội,Hà Nội,30 - 42 triệu,30.0,42.0,36.0,3-5 năm,3.0,5.0,Middle (3-5 năm),"['AWS', 'Airflow', 'Apache Kafka', 'Apache Spark', 'CI/CD', 'Hadoop / HDFS', 'Python', 'SQL']",8,"AWS, Airflow, Apache Kafka, Apache Spark, CI/CD, Hadoop / HDFS, Python, SQL",Data Engineer / Big Data,2026-09-04,https://recruitment.mock.vn/job/sim_81a78fdd,EnrichedMarketData
sim_22856a27,"Data Analyst (Power BI, SQL, Python)",Rikkeisoft,Hà Nội,Hà Nội,16 - 46 triệu,16.0,46.0,31.0,1-3 năm,1.0,3.0,Middle (3-5 năm),"['Data Modeling', 'Excel', 'Power BI / BI', 'Python', 'RESTful API', 'SQL']",6,"Data Modeling, Excel, Power BI / BI, Python, RESTful API, SQL",Data Analyst / BI,2026-08-22,https://recruitment.mock.vn/job/sim_22856a27,EnrichedMarketData
sim_e90f51f2,Fullstack .NET & Angular Developer,BOSCH Vietnam,Hà Nội,Hà Nội,20 - 40 triệu,20.0,40.0,30.0,2-4 năm,2.0,4.0,Middle (3-5 năm),"['.NET Core', 'Angular', 'Azure', 'C#', 'Entity Framework', 'Git', 'SQL']",7,".NET Core, Angular, Azure, C#, Entity Framework, Git, SQL",Frontend Developer,2026-09-08,https://recruitment.mock.vn/job/sim_e90f51f2,EnrichedMarketData
sim_80b71c3e,Backend Engineer (Golang/Python),VNPT IT,Hồ Chí Minh,Hồ Chí Minh,23 - 39 triệu,23.0,39.0,31.0,3-5 năm,3.0,5.0,Middle (3-5 năm),"['Git', 'Golang', 'Jira', 'Kubernetes', 'Linux', 'PostgreSQL', 'Python', 'Redis', 'gRPC']",9,"Git, Golang, Jira, Kubernetes, Linux, PostgreSQL, Python, Redis, gRPC",Backend Developer,2026-08-26,https://recruitment.mock.vn/job/sim_80b71c3e,EnrichedMarketData
cv_b00f69a1ddcf,IT Application,BETRIMEX - Công Ty Cổ Phần Xuất Nhập Khẩu Bến Tre,Hồ Chí Minh,Hồ Chí Minh,Cạnh tranh,,,,1-3 năm,1.0,3.0,Middle (3-5 năm),[],0,,Software Engineer (Chung),2026-09-11,https://careerviet.vn/vi/tim-viec-lam/it-application.35C86AA0.html,CareerViet
cv_94831c1bd798,IT Executive,Công Ty TNHH Perfect Companion Việt Nam,Hồ Chí Minh,Hồ Chí Minh,Cạnh tranh,,,,1-3 năm,1.0,3.0,Middle (3-5 năm),[],0,,Software Engineer (Chung),2026-10-04,https://careerviet.vn/vi/tim-viec-lam/it-executive.35C85C13.html,CareerViet
cv_d107f0facc66,IT Specialist,Công ty TNHH Marshall Amplification (Vietnam),Đồng Nai,Tỉnh thành khác,15 Tr - 18 Tr VND,15.0,18.0,16.5,1-3 năm,1.0,3.0,Middle (3-5 năm),[],0,,Software Engineer (Chung),2026-08-14,https://careerviet.vn/vi/tim-viec-lam/it-specialist.35C833F9.html,CareerViet
cv_78cba774b482,IT/Network Support,Công Ty TNHH LanTro Việt Nam,Hồ Chí Minh,Hồ Chí Minh,Cạnh tranh,,,,1-3 năm,1.0,3.0,Middle (3-5 năm),[],0,,Software Engineer (Chung),2026-09-21,https://careerviet.vn/vi/tim-viec-lam/it-network-support.35C840C7.html,CareerViet
cv_e12b9b8bcbb2,NHÂN VIÊN IT,Công ty Cổ phần Tập Đoàn Picenza Viet Nam,Hà Nội,Hà Nội,15 Tr - 16 Tr VND,15.0,16.0,15.5,1-3 năm,1.0,3.0,Middle (3-5 năm),[],0,,Software Engineer (Chung),2026-09-29,https://careerviet.vn/vi/tim-viec-lam/nhan-vien-it.35C84493.html,CareerViet
cv_37d4e18fa74f,Senior IT Support,CÔNG TY TNHH KOI CAFÉ VIỆT NAM,Hà Nội,Hà Nội,13 Tr - 15 Tr VND,13.0,15.0,14.0,1-3 năm,1.0,3.0,Middle (3-5 năm),[],0,,Software Engineer (Chung),2026-10-03,https://careerviet.vn/vi/tim-viec-lam/senior-it-support.35C85A9B.html,CareerViet
cv_c9ebacf4d25c,IT Service Desk,Công Ty Tài Chính Mirae Asset (Việt Nam),Hồ Chí Minh,Hồ Chí Minh,Cạnh tranh,,,,1-3 năm,1.0,3.0,Middle (3-5 năm),[],0,,Software Engineer (Chung),2026-09-29,https://careerviet.vn/vi/tim-viec-lam/it-service-desk.35C84137.html,CareerViet
cv_f47f7e20b658,Nhân viên IT,Công ty TNHH Anam Electronics Việt Nam,Hà Nam,Tỉnh thành khác,8 Tr - 11 Tr VND,8.0,11.0,9.5,1-3 năm,1.0,3.0,Middle (3-5 năm),[],0,,Software Engineer (Chung),2026-10-01,https://careerviet.vn/vi/tim-viec-lam/nhan-vien-it.35C835F3.html,CareerViet
cv_f8d582330815,Nhân viên IT,CÔNG TY TRÁCH NHIỆM HỮU HẠN YKK VIỆT NAM - CHI NHÁNH ĐỒNG VĂN,Hà Nam,Tỉnh thành khác,Cạnh tranh,,,,1-3 năm,1.0,3.0,Middle (3-5 năm),[],0,,Software Engineer (Chung),2026-10-18,https://careerviet.vn/vi/tim-viec-lam/nhan-vien-it.35C8569F.html,CareerViet
cv_62d2f942c84c,IT Business Analyst,Công Ty Tài Chính Mirae Asset (Việt Nam),Hồ Chí Minh,Hồ Chí Minh,Cạnh tranh,,,,1-3 năm,1.0,3.0,Middle (3-5 năm),[],0,,Software Engineer (Chung),2026-09-29,https://careerviet.vn/vi/tim-viec-lam/it-business-analyst.35C8495C.html,CareerViet
cv_304aba0216e7,Junior IT Service Specialist,CÔNG TY TNHH HADDAD BRANDS VIETNAM REGIONAL,Hồ Chí Minh,Hồ Chí Minh,Cạnh tranh,,,,1-3 năm,1.0,3.0,Middle (3-5 năm),[],0,,Software Engineer (Chung),2026-10-09,https://careerviet.vn/vi/tim-viec-lam/junior-it-service-specialist.35C8693F.html,CareerViet
cv_b8ca55d43300,IT Network & Infrastructure Supervisor,"Digital Age Dental Laboratories, Ltd (USA)",Bình Dương,Tỉnh thành khác,Cạnh tranh,,,,1-3 năm,1.0,3.0,Middle (3-5 năm),[],0,,DevOps / Cloud Engineer,2026-09-30,https://careerviet.vn/vi/tim-viec-lam/it-network-infrastructure-supervisor.35C8514C.html,CareerViet
cv_0454d2948e05,132417 - Marketing Executive - IT,"RGF HR Agent Vietnam Co., LTD",Hà Nội,Hà Nội,15 Tr - 23 Tr VND,15.0,23.0,19.0,1-3 năm,1.0,3.0,Middle (3-5 năm),[],0,,Software Engineer (Chung),2026-08-15,https://careerviet.vn/vi/tim-viec-lam/132417-marketing-executive-it.35C7F489.html,CareerViet
cv_15de924f4676,132393 - Marketing Leader- IT,"RGF HR Agent Vietnam Co., LTD",Hà Nội,Hà Nội,30 Tr - 40 Tr VND,30.0,40.0,35.0,1-3 năm,1.0,3.0,Middle (3-5 năm),[],0,,Software Engineer (Chung),2026-10-08,https://careerviet.vn/vi/tim-viec-lam/132393-marketing-leader-it.35C7E390.html,CareerViet
cv_2d7362e8fca6,IT Application Administrator II,Jabil Vietnam,Hồ Chí Minh,Hồ Chí Minh,Cạnh tranh,,,,1-3 năm,1.0,3.0,Middle (3-5 năm),[],0,,Software Engineer (Chung),2026-09-03,https://careerviet.vn/vi/tim-viec-lam/it-application-administrator-ii.35C83583.html,CareerViet
cv_95a96905f4e8,"Expert, IT Operations (TechcomLife)",NGÂN HÀNG TMCP KỸ THƯƠNG VIỆT NAM (TECHCOMBANK),Hà Nội,Hà Nội,Cạnh tranh,,,,1-3 năm,1.0,3.0,Middle (3-5 năm),[],0,,Software Engineer (Chung),2026-09-12,https://careerviet.vn/vi/tim-viec-lam/expert-it-operations-techcomlife.35C7F0D1.html,CareerViet
cv_5f245c775618,133575 - Back Office Executive - IT,"RGF HR Agent Vietnam Co., LTD",Hồ Chí Minh,Hồ Chí Minh,25 Tr - 35 Tr VND,25.0,35.0,30.0,1-3 năm,1.0,3.0,Middle (3-5 năm),[],0,,Software Engineer (Chung),2026-09-07,https://careerviet.vn/vi/tim-viec-lam/133575-back-office-executive-it.35C847C4.html,CareerViet
cv_98ab26c3323e,IT Project Manager - Dự án CNTT,Ngân Hàng TMCP Sài Gòn - Hà Nội ( SHB ),Hà Nội,Hà Nội,Cạnh tranh,,,,1-3 năm,1.0,3.0,Middle (3-5 năm),[],0,,Software Engineer (Chung),2026-08-14,https://careerviet.vn/vi/tim-viec-lam/it-project-manager-du-an-cntt.35C7F072.html,CareerViet
cv_edefbeb00a35,IT Support Executive (KCN Amata),Công ty TNHH YCH - Protrade,Đồng Nai,Tỉnh thành khác,Cạnh tranh,,,,1-3 năm,1.0,3.0,Middle (3-5 năm),[],0,,Software Engineer (Chung),2026-10-11,https://careerviet.vn/vi/tim-viec-lam/it-support-executive-kcn-amata.35C869DA.html,CareerViet
cv_4257a5864f50,Senior IT Procurement Management Specialist,FE CREDIT,Hồ Chí Minh,Hồ Chí Minh,Cạnh tranh,,,,1-3 năm,1.0,3.0,Middle (3-5 năm),[],0,,Software Engineer (Chung),2026-10-02,https://careerviet.vn/vi/tim-viec-lam/senior-it-procurement-management-specialist.35C81D17.html,CareerViet
cv_9b85e60158ac,NHÂN VIÊN IT HELPDESK & NETWORK,CÔNG TY TNHH QISDA VIỆT NAM,Hà Nam,Tỉnh thành khác,10 Tr - 25 Tr VND,10.0,25.0,17.5,1-3 năm,1.0,3.0,Middle (3-5 năm),[],0,,Software Engineer (Chung),2026-09-03,https://careerviet.vn/vi/tim-viec-lam/nhan-vien-it-helpdesk-network.35C83485.html,CareerViet
cv_75fc83794121,Associate IT Manager - AI & Digital Solutions,CÔNG TY CỔ PHẦN SỮA QUỐC TẾ LOF,Hồ Chí Minh,Hồ Chí Minh,Cạnh tranh,,,,1-3 năm,1.0,3.0,Middle (3-5 năm),[],0,,Software Engineer (Chung),2026-09-29,https://careerviet.vn/vi/tim-viec-lam/associate-it-manager-ai-digital-solutions.35C83EAF.html,CareerViet
cv_8e74d232c2f3,IT - Infrastructure & Network [Đi Ca Ngày Đêm],CÔNG TY TNHH CRYSTAL ELEGANCE TEXTILES VIỆT NAM,Hồ Chí MinhBình Dương,Hồ Chí Minh,Cạnh tranh,,,,1-3 năm,1.0,3.0,Middle (3-5 năm),[],0,,DevOps / Cloud Engineer,2026-10-31,https://careerviet.vn/vi/tim-viec-lam/it-infrastructure-network-di-ca-ngay-dem.35C84F3F.html,CareerViet
cv_09685c418334,Chuyên Viên Tuyển Dụng (Khối Marketing - IT),CÔNG TY CỔ PHẦN EPLUS RESEARCH,Hồ Chí Minh,Hồ Chí Minh,15 Tr - 25 Tr VND,15.0,25.0,20.0,1-3 năm,1.0,3.0,Middle (3-5 năm),[],0,,Software Engineer (Chung),2026-09-19,https://careerviet.vn/vi/tim-viec-lam/chuyen-vien-tuyen-dung-khoi-marketing-it.35C840C3.html,CareerViet
cv_a5647026a797,NHÂN VIÊN IT VĂN PHÒNG - HÀ NỘI,Hoàng Huy Group,Hà Nội,Hà Nội,12 Tr - 14 Tr VND,12.0,14.0,13.0,1-3 năm,1.0,3.0,Middle (3-5 năm),[],0,,Software Engineer (Chung),2026-08-15,https://careerviet.vn/vi/tim-viec-lam/nhan-vien-it-van-phong-ha-noi.35C7F3C7.html,CareerViet
cv_a2419f42681a,Associate IT Manager - CRM Analytics & Customer Insight,CÔNG TY CỔ PHẦN SỮA QUỐC TẾ LOF,Hồ Chí Minh,Hồ Chí Minh,Cạnh tranh,,,,1-3 năm,1.0,3.0,Middle (3-5 năm),[],0,,Software Engineer (Chung),2026-09-29,https://careerviet.vn/vi/tim-viec-lam/associate-it-manager-crm-analytics-customer-insight.35C83EAE.html,CareerViet
cv_406dfe7c7352,CVCC/Chuyên gia QLRR hoạt động (IT Risk),Ngân Hàng TMCP Sài Gòn - Hà Nội ( SHB ),Hà Nội,Hà Nội,Cạnh tranh,,,,1-3 năm,1.0,3.0,Middle (3-5 năm),[],0,,Software Engineer (Chung),2026-10-08,https://careerviet.vn/vi/tim-viec-lam/cvcc-chuyen-gia-qlrr-hoat-dong-it-risk.35C7E553.html,CareerViet
cv_5a43e746259d,Senior IT Software Staff - Kỹ sư phần mềm cấp cao,CÔNG TY TNHH AMPHENOL TECHNOLOGY VIỆT NAM (AFOV),Long An,Tỉnh thành khác,Cạnh tranh,,,,1-3 năm,1.0,3.0,Middle (3-5 năm),[],0,,Software Engineer (Chung),2026-10-08,https://careerviet.vn/vi/tim-viec-lam/senior-it-software-staff-ky-su-phan-mem-cap-cao.35C86403.html,CareerViet
cv_20f5adc1c7d2,IT Project Management Officer (Chuyên viên Quản lý Dự án CNTT),LOTTE FINANCE VIETNAM,Hà Nội,Hà Nội,Cạnh tranh,,,,1-3 năm,1.0,3.0,Middle (3-5 năm),[],0,,Software Engineer (Chung),2026-08-14,https://careerviet.vn/vi/tim-viec-lam/it-project-management-officer-chuyen-vien-quan-ly-du-an-cntt.35C7EFF7.html,CareerViet
cv_f9b46a6ade03,Chuyên viên hỗ trợ vận hành và người dùng IT,Ngân Hàng Thương Mại Cổ Phần Bảo Việt,Hà Nội,Hà Nội,500 - 700 USD,12.7,17.8,15.2,1-3 năm,1.0,3.0,Middle (3-5 năm),[],0,,Software Engineer (Chung),2026-10-10,https://careerviet.vn/vi/tim-viec-lam/chuyen-vien-ho-tro-van-hanh-va-nguoi-dung-it.35C82D8F.html,CareerViet
cv_9fb921a20988,CV An toàn thông tin (Ít nhất 1 năm làm Pentest ứng dụng),Tổng Công ty Cổ phần Công trình Viettel,Hà Nội,Hà Nội,20 Tr - 30 Tr VND,20.0,30.0,25.0,1-3 năm,1.0,3.0,Middle (3-5 năm),[],0,,Software Engineer (Chung),2026-08-19,https://careerviet.vn/vi/tim-viec-lam/cv-an-toan-thong-tin-it-nhat-1-nam-lam-pentest-ung-dung.35C7FCCA.html,CareerViet
cv_bf64cc513394,"Tuyển Thực Tập Sinh (Cơ khí, cơ điện tử, IT, Tự động hóa)",CÔNG TY TNHH HANESBRANDS VIỆT NAM HUẾ,Thừa Thiên- Huế,Tỉnh thành khác,8 Tr - 11 Tr VND,8.0,11.0,9.5,1-3 năm,1.0,3.0,Middle (3-5 năm),[],0,,Software Engineer (Chung),2026-09-26,https://careerviet.vn/vi/tim-viec-lam/tuyen-thuc-tap-sinh-co-khi-co-dien-tu-it-tu-dong-hoa.35C80FD8.html,CareerViet
cv_b678ac2468c9,Senior IT Business Analyst - Chuyên Viên Phân Tích Nghiệp Vụ (Domain Fintech),Công ty Cố phần giải pháp công nghệ ITE,Hà Nội,Hà Nội,25 Tr - 30 Tr VND,25.0,30.0,27.5,1-3 năm,1.0,3.0,Middle (3-5 năm),[],0,,Software Engineer (Chung),2026-09-25,https://careerviet.vn/vi/tim-viec-lam/senior-it-business-analyst-chuyen-vien-phan-tich-nghiep-vu-domain-fintech.35C846A8.html,CareerViet
cv_10405ee6cbc7,Chuyên viên Giám sát dịch vụ Công nghệ - IT Operation Monitoring - Khối Công nghệ thông tin (2025TD1122),Ngân Hàng TMCP Quân Đội,Hà Nội,Hà Nội,Cạnh tranh,,,,1-3 năm,1.0,3.0,Middle (3-5 năm),[],0,,Software Engineer (Chung),2026-10-07,https://careerviet.vn/vi/tim-viec-lam/chuyen-vien-giam-sat-dich-vu-cong-nghe-it-operation-monitoring-khoi-cong-nghe-thong-tin-2025td1122.35C86262.html,CareerViet
cv_ed5faa080b0b,"Kiểm toán viên (mảng Công nghệ, Dữ liệu) - Auditor (IT, Model, Data) - Cơ quan Kiểm toán nội bộ (2026TD456627)",Ngân Hàng TMCP Quân Đội,Hà Nội,Hà Nội,Cạnh tranh,,,,1-3 năm,1.0,3.0,Middle (3-5 năm),[],0,,Software Engineer (Chung),2026-09-19,https://careerviet.vn/vi/tim-viec-lam/kiem-toan-vien-mang-cong-nghe-du-lieu-auditor-it-model-data-co-quan-kiem-toan-noi-bo-2026td456627.35C8025D.html,CareerViet
cv_b67d583aa708,"Chuyên viên, Chuyên viên cao cấp Quản trị rủi ro công nghệ - Senior IT Risks Management Specialist - Khối Quản trị rủi ro (2025TD121)",Ngân Hàng TMCP Quân Đội,Hà Nội,Hà Nội,Cạnh tranh,,,,1-3 năm,1.0,3.0,Middle (3-5 năm),[],0,,Software Engineer (Chung),2026-09-29,https://careerviet.vn/vi/tim-viec-lam/chuyen-vien-chuyen-vien-cao-cap-quan-tri-rui-ro-cong-nghe-senior-it-risks-management-specialist-khoi-quan-tri-rui-ro-2025td121.35C819C1.html,CareerViet
cv_bfedac280c9c,AI Digital Transformation Executive,CÔNG TY CỔ PHẦN MAISON RETAIL MANAGEMENT INTERNATIONAL,Hồ Chí Minh,Hồ Chí Minh,Cạnh tranh,,,,1-3 năm,1.0,3.0,Middle (3-5 năm),[],0,,Software Engineer (Chung),2026-08-19,https://careerviet.vn/vi/tim-viec-lam/ai-digital-transformation-executive.35C830FB.html,CareerViet
cv_fcc85574e1aa,Nhân Viên Bán Hàng Qua Kênh Điện Thoại,CÔNG TY TNHH IT-COMMUNICATIONS VIỆT NAM,Hồ Chí Minh,Hồ Chí Minh,7 Tr - 15 Tr VND,7.0,15.0,11.0,1-3 năm,1.0,3.0,Middle (3-5 năm),[],0,,Software Engineer (Chung),2026-09-25,https://careerviet.vn/vi/tim-viec-lam/nhan-vien-ban-hang-qua-kenh-dien-thoai.35C80D8E.html,CareerViet
cv_ef027289c01f,ANDROID DEVELOPER,Công ty TNHH UPLIVE VN,Hồ Chí Minh,Hồ Chí Minh,Cạnh tranh,,,,1-3 năm,1.0,3.0,Middle (3-5 năm),[],0,,Mobile Developer,2026-10-07,https://careerviet.vn/vi/tim-viec-lam/android-developer.35C8645F.html,CareerViet
cv_6c623ab28282,ODOO DEVELOPER,CÔNG TY CỔ PHẦN SATORI HOLDING,Hồ Chí Minh,Hồ Chí Minh,Cạnh tranh,,,,1-3 năm,1.0,3.0,Middle (3-5 năm),[],0,,Software Engineer (Chung),2026-09-30,https://careerviet.vn/vi/tim-viec-lam/odoo-developer.35C83107.html,CareerViet
cv_3b7b3c8320b7,Android Developer,Wayfu Studio,Hà Nội,Hà Nội,15 Tr - 25 Tr VND,15.0,25.0,20.0,1-3 năm,1.0,3.0,Middle (3-5 năm),[],0,,Mobile Developer,2026-08-16,https://careerviet.vn/vi/tim-viec-lam/android-developer.35C7B113.html,CareerViet
cv_fde371315b95,C++ Developer,Chương trình Học viện Công nghệ BKACAD,Hà Nội,Hà Nội,Cạnh tranh,,,,1-3 năm,1.0,3.0,Middle (3-5 năm),[],0,,Software Engineer (Chung),2026-10-05,https://careerviet.vn/vi/tim-viec-lam/c-developer.35C7DD52.html,CareerViet
cv_1455ebf999d1,Product Developer (Garment),Công Ty TNHH Bodynits Tiền Giang,Tiền Giang,Tỉnh thành khác,Cạnh tranh,,,,1-3 năm,1.0,3.0,Middle (3-5 năm),[],0,,Software Engineer (Chung),2026-09-20,https://careerviet.vn/vi/tim-viec-lam/product-developer-garment.35C8417E.html,CareerViet
cv_878d55f7365a,Business Development Manager,CÔNG TY TNHH ALL VALUE INSIGHT DATA (VIỆT NAM),Hồ Chí Minh,Hồ Chí Minh,20 Tr - 40 Tr VND,20.0,40.0,30.0,1-3 năm,1.0,3.0,Middle (3-5 năm),[],0,,Software Engineer (Chung),2026-09-21,https://careerviet.vn/vi/tim-viec-lam/business-development-manager.35C8422E.html,CareerViet
cv_5363a80a285e,Test Development Engineer (Electronics),Công ty TNHH Cicor Việt Nam,Bình Dương,Tỉnh thành khác,Cạnh tranh,,,,1-3 năm,1.0,3.0,Middle (3-5 năm),[],0,,Software Engineer (Chung),2026-09-30,https://careerviet.vn/vi/tim-viec-lam/test-development-engineer-electronics.35C85F36.html,CareerViet
cv_582f837f6156,Project Sales Engineer (Developer),Daikin Air Conditioning (Vietnam) Joint Stock Company,Hồ Chí Minh,Hồ Chí Minh,Cạnh tranh,,,,1-3 năm,1.0,3.0,Middle (3-5 năm),[],0,,Software Engineer (Chung),2026-10-05,https://careerviet.vn/vi/tim-viec-lam/project-sales-engineer-developer.35C86123.html,CareerViet
cv_878ce59a245d,Merchandiser (Product Developer Chinese Brand),"Công ty TNHH, Liên Doanh Vĩnh Hưng (TMI Việt Nam)",Hồ Chí Minh,Hồ Chí Minh,Cạnh tranh,,,,1-3 năm,1.0,3.0,Middle (3-5 năm),[],0,,Software Engineer (Chung),2026-09-30,https://careerviet.vn/vi/tim-viec-lam/merchandiser-product-developer-chinese-brand.35C84964.html,CareerViet
cv_929223ab4a3e,Senior SMT Process Development Engineer,Sonion Vietnam,Hồ Chí Minh,Hồ Chí Minh,Cạnh tranh,,,,1-3 năm,1.0,3.0,Middle (3-5 năm),[],0,,Software Engineer (Chung),2026-09-30,https://careerviet.vn/vi/tim-viec-lam/senior-smt-process-development-engineer.35C8492E.html,CareerViet
cv_7d95e11d8ab5,R&D - ATS Software Development Engineer,CÔNG TY TNHH CÔNG NGHIỆP MINDA VIỆT NAM - CHI NHÁNH TẠI THÀNH PHỐ HỒ CHÍ MINH,Hồ Chí Minh,Hồ Chí Minh,Cạnh tranh,,,,1-3 năm,1.0,3.0,Middle (3-5 năm),[],0,,Software Engineer (Chung),2026-09-28,https://careerviet.vn/vi/tim-viec-lam/r-d-ats-software-development-engineer.35C84E25.html,CareerViet
cv_328b6db1c5fe,MIDDLE BACKEND DEVELOPER (.NET Core / SQL),Hệ thống Phòng khám 315,Hồ Chí Minh,Hồ Chí Minh,28 Tr - 35 Tr VND,28.0,35.0,31.5,1-3 năm,1.0,3.0,Middle (3-5 năm),['SQL'],1,SQL,Backend Developer,2026-11-30,https://careerviet.vn/vi/tim-viec-lam/middle-backend-developer-net-core-sql.35C86549.html,CareerViet
cv_84bb48d9f355,SENIOR FOOTWEAR DEVELOPER (LEADER / ASSISTANT MANAGER / MANAGER),Công ty TNHH Giày Apache Việt Nam,Tiền Giang,Tỉnh thành khác,Cạnh tranh,,,,1-3 năm,1.0,3.0,Middle (3-5 năm),[],0,,Software Engineer (Chung),2026-09-21,https://careerviet.vn/vi/tim-viec-lam/senior-footwear-developer-leader-assistant-manager-manager.35C7C097.html,CareerViet
cv_2967a1308058,[URGENT] SQE ENGINEER,Techtronic Industries (Vietnam) Company Limited,Hồ Chí Minh,Hồ Chí Minh,Cạnh tranh,,,,1-3 năm,1.0,3.0,Middle (3-5 năm),[],0,,Software Engineer (Chung),2026-10-10,https://careerviet.vn/vi/tim-viec-lam/urgent-sqe-engineer.35C86CE8.html,CareerViet
sim_6394acab,Fullstack .NET & Angular Developer,NashTech Vietnam,Remote,Remote / Toàn quốc,1079 - 3247 USD,27.4,82.5,54.9,2-4 năm,2.0,4.0,Middle (3-5 năm),"['.NET Core', 'Angular', 'Azure', 'C#', 'Entity Framework', 'Git', 'Jira', 'Linux', 'SQL']",9,".NET Core, Angular, Azure, C#, Entity Framework, Git, Jira, Linux, SQL",Frontend Developer,2026-08-16,https://recruitment.mock.vn/job/sim_6394acab,EnrichedMarketData
sim_0bc977e3,Senior Java Developer,MOMO,Đà Nẵng,Đà Nẵng,Thỏa thuận,,,,4-6 năm,4.0,6.0,Senior / Lead (>5 năm),"['Apache Kafka', 'CI/CD', 'Docker', 'Java', 'Microservices', 'MySQL', 'RESTful API', 'Redis', 'Spring Boot']",9,"Apache Kafka, CI/CD, Docker, Java, Microservices, MySQL, RESTful API, Redis, Spring Boot",Backend Developer,2026-09-02,https://recruitment.mock.vn/job/sim_0bc977e3,EnrichedMarketData
sim_fed33e4b,Frontend Developer (ReactJS/TypeScript),VTI Group,Remote,Remote / Toàn quốc,24 - 53 triệu,24.0,53.0,38.5,2-4 năm,2.0,4.0,Middle (3-5 năm),"['CI/CD', 'Docker', 'HTML/CSS', 'Linux', 'React', 'Redux', 'TypeScript']",7,"CI/CD, Docker, HTML/CSS, Linux, React, Redux, TypeScript",Frontend Developer,2026-09-12,https://recruitment.mock.vn/job/sim_fed33e4b,EnrichedMarketData
sim_009df612,Fullstack .NET & Angular Developer,NAB Innovation Centre Vietnam,Hà Nội,Hà Nội,20 - 40 triệu,20.0,40.0,30.0,2-4 năm,2.0,4.0,Middle (3-5 năm),"['.NET Core', 'Angular', 'Azure', 'C#', 'CI/CD', 'Entity Framework', 'SQL']",7,".NET Core, Angular, Azure, C#, CI/CD, Entity Framework, SQL",Frontend Developer,2026-08-14,https://recruitment.mock.vn/job/sim_009df612,EnrichedMarketData
sim_d76ff5d5,AI / Machine Learning Engineer,Orient Software,Hà Nội,Hà Nội,1287 - 3289 USD,32.7,83.5,58.1,2-5 năm,2.0,5.0,Middle (3-5 năm),"['AI / Machine Learning', 'CI/CD', 'Computer Vision', 'Docker', 'Jira', 'Python']",6,"AI / Machine Learning, CI/CD, Computer Vision, Docker, Jira, Python",AI / Machine Learning Engineer,2026-08-31,https://recruitment.mock.vn/job/sim_d76ff5d5,EnrichedMarketData
sim_a7388eaf,Mobile App Developer (Flutter / React Native),Rikkeisoft,Hà Nội,Hà Nội,18 - 35 triệu,18.0,35.0,26.5,2-4 năm,2.0,4.0,Middle (3-5 năm),"['Android', 'CI/CD', 'Dart', 'Flutter', 'RESTful API', 'React', 'Redis', 'iOS']",8,"Android, CI/CD, Dart, Flutter, RESTful API, React, Redis, iOS",Frontend Developer,2026-09-08,https://recruitment.mock.vn/job/sim_a7388eaf,EnrichedMarketData
sim_477a9939,"Data Engineer (Spark, Hadoop, AWS)",KMS Technology,Đà Nẵng,Đà Nẵng,1606 - 3467 USD,40.8,88.1,64.4,3-5 năm,3.0,5.0,Middle (3-5 năm),"['AWS', 'Airflow', 'Apache Kafka', 'Apache Spark', 'Git', 'Hadoop / HDFS', 'Linux', 'Python', 'SQL']",9,"AWS, Airflow, Apache Kafka, Apache Spark, Git, Hadoop / HDFS, Linux, Python, SQL",Data Engineer / Big Data,2026-08-19,https://recruitment.mock.vn/job/sim_477a9939,EnrichedMarketData
sim_a0d06781,Senior Java Developer,SmartOSC,Hà Nội,Hà Nội,Thỏa thuận,,,,4-6 năm,4.0,6.0,Senior / Lead (>5 năm),"['Apache Kafka', 'CI/CD', 'Docker', 'Git', 'Java', 'Jira', 'Microservices', 'MySQL', 'Spring Boot']",9,"Apache Kafka, CI/CD, Docker, Git, Java, Jira, Microservices, MySQL, Spring Boot",Backend Developer,2026-08-17,https://recruitment.mock.vn/job/sim_a0d06781,EnrichedMarketData
sim_62eae068,Fresher / Intern Software Engineer,Viettel Solutions,Đà Nẵng,Đà Nẵng,Thỏa thuận,,,,Không yêu cầu,0.0,1.0,Fresher / Intern,"['C++', 'Data Structures', 'Docker', 'Git', 'Java', 'OOP', 'SQL']",7,"C++, Data Structures, Docker, Git, Java, OOP, SQL",Backend Developer,2026-09-06,https://recruitment.mock.vn/job/sim_62eae068,EnrichedMarketData
sim_2f7df167,"Data Engineer (Spark, Hadoop, AWS)",Nal Solutions,Đà Nẵng,Đà Nẵng,Thỏa thuận,,,,3-5 năm,3.0,5.0,Middle (3-5 năm),"['AWS', 'Airflow', 'Apache Kafka', 'Apache Spark', 'Git', 'Hadoop / HDFS', 'Python', 'RESTful API', 'Redis', 'SQL']",10,"AWS, Airflow, Apache Kafka, Apache Spark, Git, Hadoop / HDFS, Python, RESTful API, Redis, SQL",Data Engineer / Big Data,2026-09-01,https://recruitment.mock.vn/job/sim_2f7df167,EnrichedMarketData
sim_bcd464de,Junior Python Backend Developer,MOMO,Hà Nội,Hà Nội,24 - 58 triệu,24.0,58.0,41.0,1-2 năm,1.0,2.0,Junior (1-2 năm),"['Django / FastAPI', 'Docker', 'Git', 'Linux', 'PostgreSQL', 'Python']",6,"Django / FastAPI, Docker, Git, Linux, PostgreSQL, Python",Backend Developer,2026-09-07,https://recruitment.mock.vn/job/sim_bcd464de,EnrichedMarketData
sim_3a82c6b6,Backend Engineer (Golang/Python),Viettel Solutions,Hà Nội,Hà Nội,25 - 45 triệu,25.0,45.0,35.0,3-5 năm,3.0,5.0,Middle (3-5 năm),"['Docker', 'Git', 'Golang', 'Jira', 'Kubernetes', 'PostgreSQL', 'Python', 'Redis', 'gRPC']",9,"Docker, Git, Golang, Jira, Kubernetes, PostgreSQL, Python, Redis, gRPC",Backend Developer,2026-08-20,https://recruitment.mock.vn/job/sim_3a82c6b6,EnrichedMarketData
sim_9f52420c,Junior Python Backend Developer,SmartOSC,Đà Nẵng,Đà Nẵng,1267 - 2847 USD,32.2,72.3,52.2,1-2 năm,1.0,2.0,Junior (1-2 năm),"['Django / FastAPI', 'Docker', 'Git', 'Linux', 'PostgreSQL', 'Python']",6,"Django / FastAPI, Docker, Git, Linux, PostgreSQL, Python",Backend Developer,2026-08-23,https://recruitment.mock.vn/job/sim_9f52420c,EnrichedMarketData
sim_bde4c574,Senior Java Developer,Tiki Corporation,Hồ Chí Minh,Hồ Chí Minh,35 - 55 triệu,35.0,55.0,45.0,4-6 năm,4.0,6.0,Senior / Lead (>5 năm),"['Apache Kafka', 'Docker', 'Java', 'Linux', 'Microservices', 'MySQL', 'RESTful API', 'Spring Boot']",8,"Apache Kafka, Docker, Java, Linux, Microservices, MySQL, RESTful API, Spring Boot",Backend Developer,2026-08-28,https://recruitment.mock.vn/job/sim_bde4c574,EnrichedMarketData
sim_be869917,Mobile App Developer (Flutter / React Native),VNG Corporation,Remote,Remote / Toàn quốc,27 - 52 triệu,27.0,52.0,39.5,2-4 năm,2.0,4.0,Middle (3-5 năm),"['Android', 'Dart', 'Flutter', 'Jira', 'RESTful API', 'React', 'iOS']",7,"Android, Dart, Flutter, Jira, RESTful API, React, iOS",Frontend Developer,2026-08-27,https://recruitment.mock.vn/job/sim_be869917,EnrichedMarketData
sim_788dd265,AI / Machine Learning Engineer,Sutrix Group,Đà Nẵng,Đà Nẵng,Thỏa thuận,,,,2-5 năm,2.0,5.0,Middle (3-5 năm),"['AI / Machine Learning', 'Computer Vision', 'Docker', 'Python']",4,"AI / Machine Learning, Computer Vision, Docker, Python",AI / Machine Learning Engineer,2026-09-06,https://recruitment.mock.vn/job/sim_788dd265,EnrichedMarketData
sim_842aa7d5,AI / Machine Learning Engineer,Axon Active Vietnam,Đà Nẵng,Đà Nẵng,Thỏa thuận,,,,2-5 năm,2.0,5.0,Middle (3-5 năm),"['AI / Machine Learning', 'Computer Vision', 'Docker', 'Git', 'Python', 'Redis']",6,"AI / Machine Learning, Computer Vision, Docker, Git, Python, Redis",AI / Machine Learning Engineer,2026-09-04,https://recruitment.mock.vn/job/sim_842aa7d5,EnrichedMarketData
sim_43070120,Senior Java Developer,BOSCH Vietnam,Hồ Chí Minh,Hồ Chí Minh,Thỏa thuận,,,,4-6 năm,4.0,6.0,Senior / Lead (>5 năm),"['Apache Kafka', 'Docker', 'Java', 'Jira', 'Microservices', 'MySQL', 'Spring Boot']",7,"Apache Kafka, Docker, Java, Jira, Microservices, MySQL, Spring Boot",Backend Developer,2026-09-05,https://recruitment.mock.vn/job/sim_43070120,EnrichedMarketData
sim_b82c30f0,Junior Python Backend Developer,Sun Asterisk,Hà Nội,Hà Nội,1551 - 2419 USD,39.4,61.4,50.4,1-2 năm,1.0,2.0,Junior (1-2 năm),"['Django / FastAPI', 'Docker', 'Git', 'Linux', 'PostgreSQL', 'Python']",6,"Django / FastAPI, Docker, Git, Linux, PostgreSQL, Python",Backend Developer,2026-08-24,https://recruitment.mock.vn/job/sim_b82c30f0,EnrichedMarketData
sim_678676a6,DevOps Engineer,NashTech Vietnam,Hồ Chí Minh,Hồ Chí Minh,1530 - 3033 USD,38.9,77.0,58.0,2-5 năm,2.0,5.0,Middle (3-5 năm),"['AWS', 'CI/CD', 'Docker', 'Jira', 'Kubernetes', 'Linux', 'Prometheus', 'Redis', 'Terraform']",9,"AWS, CI/CD, Docker, Jira, Kubernetes, Linux, Prometheus, Redis, Terraform",DevOps / Cloud Engineer,2026-09-01,https://recruitment.mock.vn/job/sim_678676a6,EnrichedMarketData
sim_66f594c6,Fullstack .NET & Angular Developer,Viettel Solutions,Hà Nội,Hà Nội,1017 - 2639 USD,25.8,67.0,46.4,2-4 năm,2.0,4.0,Middle (3-5 năm),"['.NET Core', 'Angular', 'Azure', 'C#', 'CI/CD', 'Docker', 'Entity Framework', 'SQL']",8,".NET Core, Angular, Azure, C#, CI/CD, Docker, Entity Framework, SQL",Frontend Developer,2026-09-02,https://recruitment.mock.vn/job/sim_66f594c6,EnrichedMarketData
sim_6c43e03d,Junior Python Backend Developer,Zalo Group,Hồ Chí Minh,Hồ Chí Minh,Thỏa thuận,,,,1-2 năm,1.0,2.0,Junior (1-2 năm),"['Django / FastAPI', 'Docker', 'Git', 'PostgreSQL', 'Python']",5,"Django / FastAPI, Docker, Git, PostgreSQL, Python",Backend Developer,2026-08-20,https://recruitment.mock.vn/job/sim_6c43e03d,EnrichedMarketData
sim_97867a77,Senior Java Developer,KMS Technology,Đà Nẵng,Đà Nẵng,Thỏa thuận,,,,4-6 năm,4.0,6.0,Senior / Lead (>5 năm),"['Apache Kafka', 'Docker', 'Java', 'Linux', 'Microservices', 'MySQL', 'Spring Boot']",7,"Apache Kafka, Docker, Java, Linux, Microservices, MySQL, Spring Boot",Backend Developer,2026-09-10,https://recruitment.mock.vn/job/sim_97867a77,EnrichedMarketData
sim_f87f38aa,Senior Java Developer,VNG Corporation,Hà Nội,Hà Nội,Thỏa thuận,,,,4-6 năm,4.0,6.0,Senior / Lead (>5 năm),"['Apache Kafka', 'CI/CD', 'Docker', 'Java', 'Microservices', 'MySQL', 'Spring Boot']",7,"Apache Kafka, CI/CD, Docker, Java, Microservices, MySQL, Spring Boot",Backend Developer,2026-08-30,https://recruitment.mock.vn/job/sim_f87f38aa,EnrichedMarketData
sim_a6da33ae,AI / Machine Learning Engineer,VPBank Digital Banking,Đà Nẵng,Đà Nẵng,1508 - 2198 USD,38.3,55.8,47.1,2-5 năm,2.0,5.0,Middle (3-5 năm),"['AI / Machine Learning', 'Computer Vision', 'Docker', 'Jira', 'Python']",5,"AI / Machine Learning, Computer Vision, Docker, Jira, Python",AI / Machine Learning Engineer,2026-09-05,https://recruitment.mock.vn/job/sim_a6da33ae,EnrichedMarketData
sim_1eca07ff,QA / QC Automation Engineer,Shopee Vietnam,Hồ Chí Minh,Hồ Chí Minh,16 - 32 triệu,16.0,32.0,24.0,2-4 năm,2.0,4.0,Middle (3-5 năm),"['Appium', 'CI/CD', 'Git', 'JMeter', 'Java', 'Postman', 'Python', 'Redis', 'Selenium']",9,"Appium, CI/CD, Git, JMeter, Java, Postman, Python, Redis, Selenium",QA / QC / Automation Tester,2026-09-11,https://recruitment.mock.vn/job/sim_1eca07ff,EnrichedMarketData
sim_4e78218b,Backend Engineer (Golang/Python),Sutrix Group,Remote,Remote / Toàn quốc,1243 - 2251 USD,31.6,57.2,44.4,3-5 năm,3.0,5.0,Middle (3-5 năm),"['Golang', 'Kubernetes', 'PostgreSQL', 'Python', 'Redis', 'gRPC']",6,"Golang, Kubernetes, PostgreSQL, Python, Redis, gRPC",Backend Developer,2026-08-28,https://recruitment.mock.vn/job/sim_4e78218b,EnrichedMarketData
sim_cd9401e9,Fresher / Intern Software Engineer,Grab Vietnam,Hà Nội,Hà Nội,Thỏa thuận,,,,Không yêu cầu,0.0,1.0,Fresher / Intern,"['C++', 'Data Structures', 'Docker', 'Git', 'Java', 'OOP', 'SQL']",7,"C++, Data Structures, Docker, Git, Java, OOP, SQL",Backend Developer,2026-08-28,https://recruitment.mock.vn/job/sim_cd9401e9,EnrichedMarketData
sim_069b7669,DevOps Engineer,MOMO,Hồ Chí Minh,Hồ Chí Minh,16 - 51 triệu,16.0,51.0,33.5,2-5 năm,2.0,5.0,Middle (3-5 năm),"['AWS', 'CI/CD', 'Docker', 'Kubernetes', 'Linux', 'Prometheus', 'RESTful API', 'Terraform']",8,"AWS, CI/CD, Docker, Kubernetes, Linux, Prometheus, RESTful API, Terraform",DevOps / Cloud Engineer,2026-09-01,https://recruitment.mock.vn/job/sim_069b7669,EnrichedMarketData
sim_8537adf2,"Data Analyst (Power BI, SQL, Python)",NashTech Vietnam,Đà Nẵng,Đà Nẵng,15 - 28 triệu,15.0,28.0,21.5,1-3 năm,1.0,3.0,Middle (3-5 năm),"['CI/CD', 'Data Modeling', 'Excel', 'Jira', 'Power BI / BI', 'Python', 'RESTful API', 'SQL']",8,"CI/CD, Data Modeling, Excel, Jira, Power BI / BI, Python, RESTful API, SQL",Data Analyst / BI,2026-09-01,https://recruitment.mock.vn/job/sim_8537adf2,EnrichedMarketData
sim_ff32b7e2,Frontend Developer (ReactJS/TypeScript),Shopee Vietnam,Đà Nẵng,Đà Nẵng,18 - 30 triệu,18.0,30.0,24.0,2-4 năm,2.0,4.0,Middle (3-5 năm),"['CI/CD', 'HTML/CSS', 'Linux', 'React', 'Redis', 'Redux', 'TypeScript']",7,"CI/CD, HTML/CSS, Linux, React, Redis, Redux, TypeScript",Frontend Developer,2026-08-15,https://recruitment.mock.vn/job/sim_ff32b7e2,EnrichedMarketData
sim_b97fca77,AI / Machine Learning Engineer,LG Electronics R&D,Hà Nội,Hà Nội,30 - 70 triệu,30.0,70.0,50.0,2-5 năm,2.0,5.0,Middle (3-5 năm),"['AI / Machine Learning', 'CI/CD', 'Computer Vision', 'Docker', 'Git', 'Jira', 'Python']",7,"AI / Machine Learning, CI/CD, Computer Vision, Docker, Git, Jira, Python",AI / Machine Learning Engineer,2026-09-08,https://recruitment.mock.vn/job/sim_b97fca77,EnrichedMarketData
sim_e30cafad,Frontend Developer (ReactJS/TypeScript),SmartOSC,Hồ Chí Minh,Hồ Chí Minh,Thỏa thuận,,,,2-4 năm,2.0,4.0,Middle (3-5 năm),"['CI/CD', 'Docker', 'HTML/CSS', 'React', 'Redis', 'Redux', 'TypeScript']",7,"CI/CD, Docker, HTML/CSS, React, Redis, Redux, TypeScript",Frontend Developer,2026-09-03,https://recruitment.mock.vn/job/sim_e30cafad,EnrichedMarketData
sim_929b3dd1,"Data Analyst (Power BI, SQL, Python)",Zalo Group,Hà Nội,Hà Nội,15 - 28 triệu,15.0,28.0,21.5,1-3 năm,1.0,3.0,Middle (3-5 năm),"['CI/CD', 'Data Modeling', 'Excel', 'Power BI / BI', 'Python', 'SQL']",6,"CI/CD, Data Modeling, Excel, Power BI / BI, Python, SQL",Data Analyst / BI,2026-09-03,https://recruitment.mock.vn/job/sim_929b3dd1,EnrichedMarketData
sim_3f887b70,Mobile App Developer (Flutter / React Native),MOMO,Remote,Remote / Toàn quốc,1669 - 2104 USD,42.4,53.4,47.9,2-4 năm,2.0,4.0,Middle (3-5 năm),"['Android', 'Dart', 'Flutter', 'Git', 'Jira', 'Linux', 'RESTful API', 'React', 'iOS']",9,"Android, Dart, Flutter, Git, Jira, Linux, RESTful API, React, iOS",Frontend Developer,2026-09-06,https://recruitment.mock.vn/job/sim_3f887b70,EnrichedMarketData
sim_7924f5b1,QA / QC Automation Engineer,Axon Active Vietnam,Remote,Remote / Toàn quốc,17 - 60 triệu,17.0,60.0,38.5,2-4 năm,2.0,4.0,Middle (3-5 năm),"['Appium', 'JMeter', 'Java', 'Jira', 'Linux', 'Postman', 'Python', 'RESTful API', 'Selenium']",9,"Appium, JMeter, Java, Jira, Linux, Postman, Python, RESTful API, Selenium",QA / QC / Automation Tester,2026-08-23,https://recruitment.mock.vn/job/sim_7924f5b1,EnrichedMarketData
sim_0354dfd3,Mobile App Developer (Flutter / React Native),NAB Innovation Centre Vietnam,Đà Nẵng,Đà Nẵng,21 - 38 triệu,21.0,38.0,29.5,2-4 năm,2.0,4.0,Middle (3-5 năm),"['Android', 'Dart', 'Flutter', 'Git', 'Linux', 'RESTful API', 'React', 'Redis', 'iOS']",9,"Android, Dart, Flutter, Git, Linux, RESTful API, React, Redis, iOS",Frontend Developer,2026-09-11,https://recruitment.mock.vn/job/sim_0354dfd3,EnrichedMarketData
sim_017606f1,Frontend Developer (ReactJS/TypeScript),Axon Active Vietnam,Remote,Remote / Toàn quốc,18 - 30 triệu,18.0,30.0,24.0,2-4 năm,2.0,4.0,Middle (3-5 năm),"['HTML/CSS', 'Jira', 'Linux', 'React', 'Redux', 'TypeScript']",6,"HTML/CSS, Jira, Linux, React, Redux, TypeScript",Frontend Developer,2026-08-23,https://recruitment.mock.vn/job/sim_017606f1,EnrichedMarketData
sim_9c1ee3ac,Frontend Developer (ReactJS/TypeScript),Rikkeisoft,Remote,Remote / Toàn quốc,18 - 30 triệu,18.0,30.0,24.0,2-4 năm,2.0,4.0,Middle (3-5 năm),"['Git', 'HTML/CSS', 'RESTful API', 'React', 'Redux', 'TypeScript']",6,"Git, HTML/CSS, RESTful API, React, Redux, TypeScript",Frontend Developer,2026-09-03,https://recruitment.mock.vn/job/sim_9c1ee3ac,EnrichedMarketData
sim_455258aa,DevOps Engineer,VNG Corporation,Hồ Chí Minh,Hồ Chí Minh,Thỏa thuận,,,,2-5 năm,2.0,5.0,Middle (3-5 năm),"['AWS', 'CI/CD', 'Docker', 'Jira', 'Kubernetes', 'Linux', 'Prometheus', 'Terraform']",8,"AWS, CI/CD, Docker, Jira, Kubernetes, Linux, Prometheus, Terraform",DevOps / Cloud Engineer,2026-09-02,https://recruitment.mock.vn/job/sim_455258aa,EnrichedMarketData
sim_637a9ec8,Junior Python Backend Developer,Viettel Solutions,Đà Nẵng,Đà Nẵng,12 - 20 triệu,12.0,20.0,16.0,1-2 năm,1.0,2.0,Junior (1-2 năm),"['Django / FastAPI', 'Docker', 'Git', 'PostgreSQL', 'Python', 'RESTful API']",6,"Django / FastAPI, Docker, Git, PostgreSQL, Python, RESTful API",Backend Developer,2026-09-10,https://recruitment.mock.vn/job/sim_637a9ec8,EnrichedMarketData
sim_4a97f7f0,AI / Machine Learning Engineer,NAB Innovation Centre Vietnam,Đà Nẵng,Đà Nẵng,27 - 35 triệu,27.0,35.0,31.0,2-5 năm,2.0,5.0,Middle (3-5 năm),"['AI / Machine Learning', 'CI/CD', 'Computer Vision', 'Docker', 'Linux', 'Python']",6,"AI / Machine Learning, CI/CD, Computer Vision, Docker, Linux, Python",AI / Machine Learning Engineer,2026-08-18,https://recruitment.mock.vn/job/sim_4a97f7f0,EnrichedMarketData
sim_25738304,"Data Engineer (Spark, Hadoop, AWS)",NashTech Vietnam,Hồ Chí Minh,Hồ Chí Minh,30 - 60 triệu,30.0,60.0,45.0,3-5 năm,3.0,5.0,Middle (3-5 năm),"['AWS', 'Airflow', 'Apache Kafka', 'Apache Spark', 'Hadoop / HDFS', 'Linux', 'Python', 'RESTful API', 'SQL']",9,"AWS, Airflow, Apache Kafka, Apache Spark, Hadoop / HDFS, Linux, Python, RESTful API, SQL",Data Engineer / Big Data,2026-09-11,https://recruitment.mock.vn/job/sim_25738304,EnrichedMarketData
sim_ec3df997,"Data Engineer (Spark, Hadoop, AWS)",Sutrix Group,Hà Nội,Hà Nội,30 - 60 triệu,30.0,60.0,45.0,3-5 năm,3.0,5.0,Middle (3-5 năm),"['AWS', 'Airflow', 'Apache Kafka', 'Apache Spark', 'Hadoop / HDFS', 'Jira', 'Linux', 'Python', 'RESTful API', 'SQL']",10,"AWS, Airflow, Apache Kafka, Apache Spark, Hadoop / HDFS, Jira, Linux, Python, RESTful API, SQL",Data Engineer / Big Data,2026-09-07,https://recruitment.mock.vn/job/sim_ec3df997,EnrichedMarketData
sim_bc2464b2,DevOps Engineer,Rikkeisoft,Đà Nẵng,Đà Nẵng,1748 - 2138 USD,44.4,54.3,49.4,2-5 năm,2.0,5.0,Middle (3-5 năm),"['AWS', 'CI/CD', 'Docker', 'Jira', 'Kubernetes', 'Linux', 'Prometheus', 'Redis', 'Terraform']",9,"AWS, CI/CD, Docker, Jira, Kubernetes, Linux, Prometheus, Redis, Terraform",DevOps / Cloud Engineer,2026-08-19,https://recruitment.mock.vn/job/sim_bc2464b2,EnrichedMarketData
sim_5c57db9f,Mobile App Developer (Flutter / React Native),Orient Software,Remote,Remote / Toàn quốc,18 - 35 triệu,18.0,35.0,26.5,2-4 năm,2.0,4.0,Middle (3-5 năm),"['Android', 'Dart', 'Flutter', 'Linux', 'RESTful API', 'React', 'iOS']",7,"Android, Dart, Flutter, Linux, RESTful API, React, iOS",Frontend Developer,2026-08-19,https://recruitment.mock.vn/job/sim_5c57db9f,EnrichedMarketData
sim_1dc50d71,Frontend Developer (ReactJS/TypeScript),KMS Technology,Hồ Chí Minh,Hồ Chí Minh,Thỏa thuận,,,,2-4 năm,2.0,4.0,Middle (3-5 năm),"['HTML/CSS', 'Linux', 'React', 'Redis', 'Redux', 'TypeScript']",6,"HTML/CSS, Linux, React, Redis, Redux, TypeScript",Frontend Developer,2026-08-24,https://recruitment.mock.vn/job/sim_1dc50d71,EnrichedMarketData
sim_008dd08a,Fullstack .NET & Angular Developer,Rikkeisoft,Hồ Chí Minh,Hồ Chí Minh,20 - 40 triệu,20.0,40.0,30.0,2-4 năm,2.0,4.0,Middle (3-5 năm),"['.NET Core', 'Angular', 'Azure', 'C#', 'Entity Framework', 'Jira', 'SQL']",7,".NET Core, Angular, Azure, C#, Entity Framework, Jira, SQL",Frontend Developer,2026-09-09,https://recruitment.mock.vn/job/sim_008dd08a,EnrichedMarketData
sim_2d7e6d3e,AI / Machine Learning Engineer,Grab Vietnam,Đà Nẵng,Đà Nẵng,24 - 40 triệu,24.0,40.0,32.0,2-5 năm,2.0,5.0,Middle (3-5 năm),"['AI / Machine Learning', 'Computer Vision', 'Docker', 'Git', 'Jira', 'Python']",6,"AI / Machine Learning, Computer Vision, Docker, Git, Jira, Python",AI / Machine Learning Engineer,2026-08-29,https://recruitment.mock.vn/job/sim_2d7e6d3e,EnrichedMarketData
sim_ef58e24e,Frontend Developer (ReactJS/TypeScript),Viettel Solutions,Remote,Remote / Toàn quốc,1765 - 2352 USD,44.8,59.7,52.3,2-4 năm,2.0,4.0,Middle (3-5 năm),"['CI/CD', 'Docker', 'HTML/CSS', 'Jira', 'React', 'Redux', 'TypeScript']",7,"CI/CD, Docker, HTML/CSS, Jira, React, Redux, TypeScript",Frontend Developer,2026-09-06,https://recruitment.mock.vn/job/sim_ef58e24e,EnrichedMarketData
sim_c94e9882,"Data Analyst (Power BI, SQL, Python)",SmartOSC,Hà Nội,Hà Nội,Thỏa thuận,,,,1-3 năm,1.0,3.0,Middle (3-5 năm),"['Data Modeling', 'Docker', 'Excel', 'Git', 'Linux', 'Power BI / BI', 'Python', 'SQL']",8,"Data Modeling, Docker, Excel, Git, Linux, Power BI / BI, Python, SQL",Data Analyst / BI,2026-09-09,https://recruitment.mock.vn/job/sim_c94e9882,EnrichedMarketData
sim_b184b8b3,Fullstack .NET & Angular Developer,Sutrix Group,Hà Nội,Hà Nội,18 - 46 triệu,18.0,46.0,32.0,2-4 năm,2.0,4.0,Middle (3-5 năm),"['.NET Core', 'Angular', 'Azure', 'C#', 'Docker', 'Entity Framework', 'Jira', 'Redis', 'SQL']",9,".NET Core, Angular, Azure, C#, Docker, Entity Framework, Jira, Redis, SQL",Frontend Developer,2026-09-01,https://recruitment.mock.vn/job/sim_b184b8b3,EnrichedMarketData
sim_87b41158,DevOps Engineer,MB Bank Digital Hub,Hà Nội,Hà Nội,25 - 50 triệu,25.0,50.0,37.5,2-5 năm,2.0,5.0,Middle (3-5 năm),"['AWS', 'CI/CD', 'Docker', 'Jira', 'Kubernetes', 'Linux', 'Prometheus', 'Terraform']",8,"AWS, CI/CD, Docker, Jira, Kubernetes, Linux, Prometheus, Terraform",DevOps / Cloud Engineer,2026-09-05,https://recruitment.mock.vn/job/sim_87b41158,EnrichedMarketData
sim_6f002a3d,Senior Java Developer,One Mount Group,Remote,Remote / Toàn quốc,35 - 55 triệu,35.0,55.0,45.0,4-6 năm,4.0,6.0,Senior / Lead (>5 năm),"['Apache Kafka', 'Docker', 'Git', 'Java', 'Jira', 'Microservices', 'MySQL', 'RESTful API', 'Spring Boot']",9,"Apache Kafka, Docker, Git, Java, Jira, Microservices, MySQL, RESTful API, Spring Boot",Backend Developer,2026-09-01,https://recruitment.mock.vn/job/sim_6f002a3d,EnrichedMarketData
sim_bbf4bb62,QA / QC Automation Engineer,FPT Software,Đà Nẵng,Đà Nẵng,Thỏa thuận,,,,2-4 năm,2.0,4.0,Middle (3-5 năm),"['Appium', 'JMeter', 'Java', 'Postman', 'Python', 'Redis', 'Selenium']",7,"Appium, JMeter, Java, Postman, Python, Redis, Selenium",QA / QC / Automation Tester,2026-09-03,https://recruitment.mock.vn/job/sim_bbf4bb62,EnrichedMarketData
sim_5ad05b4a,QA / QC Automation Engineer,MOMO,Đà Nẵng,Đà Nẵng,1320 - 2024 USD,33.5,51.4,42.5,2-4 năm,2.0,4.0,Middle (3-5 năm),"['Appium', 'JMeter', 'Java', 'Jira', 'Linux', 'Postman', 'Python', 'Redis', 'Selenium']",9,"Appium, JMeter, Java, Jira, Linux, Postman, Python, Redis, Selenium",QA / QC / Automation Tester,2026-08-25,https://recruitment.mock.vn/job/sim_5ad05b4a,EnrichedMarketData
sim_ff02375a,Mobile App Developer (Flutter / React Native),Tiki Corporation,Đà Nẵng,Đà Nẵng,1115 - 3095 USD,28.3,78.6,53.5,2-4 năm,2.0,4.0,Middle (3-5 năm),"['Android', 'Dart', 'Flutter', 'Jira', 'Linux', 'RESTful API', 'React', 'Redis', 'iOS']",9,"Android, Dart, Flutter, Jira, Linux, RESTful API, React, Redis, iOS",Frontend Developer,2026-08-16,https://recruitment.mock.vn/job/sim_ff02375a,EnrichedMarketData
sim_5258c2a1,DevOps Engineer,VTI Group,Remote,Remote / Toàn quốc,27 - 39 triệu,27.0,39.0,33.0,2-5 năm,2.0,5.0,Middle (3-5 năm),"['AWS', 'CI/CD', 'Docker', 'Kubernetes', 'Linux', 'Prometheus', 'RESTful API', 'Terraform']",8,"AWS, CI/CD, Docker, Kubernetes, Linux, Prometheus, RESTful API, Terraform",DevOps / Cloud Engineer,2026-09-08,https://recruitment.mock.vn/job/sim_5258c2a1,EnrichedMarketData
sim_3f9b4b33,DevOps Engineer,One Mount Group,Remote,Remote / Toàn quốc,25 - 50 triệu,25.0,50.0,37.5,2-5 năm,2.0,5.0,Middle (3-5 năm),"['AWS', 'CI/CD', 'Docker', 'Jira', 'Kubernetes', 'Linux', 'Prometheus', 'RESTful API', 'Redis', 'Terraform']",10,"AWS, CI/CD, Docker, Jira, Kubernetes, Linux, Prometheus, RESTful API, Redis, Terraform",DevOps / Cloud Engineer,2026-08-31,https://recruitment.mock.vn/job/sim_3f9b4b33,EnrichedMarketData
sim_caf0efba,QA / QC Automation Engineer,Samsung Electronics R&D (SRV),Đà Nẵng,Đà Nẵng,28 - 52 triệu,28.0,52.0,40.0,2-4 năm,2.0,4.0,Middle (3-5 năm),"['Appium', 'Git', 'JMeter', 'Java', 'Postman', 'Python', 'RESTful API', 'Selenium']",8,"Appium, Git, JMeter, Java, Postman, Python, RESTful API, Selenium",QA / QC / Automation Tester,2026-08-24,https://recruitment.mock.vn/job/sim_caf0efba,EnrichedMarketData
sim_67fb5c42,Junior Python Backend Developer,Axon Active Vietnam,Hà Nội,Hà Nội,19 - 58 triệu,19.0,58.0,38.5,1-2 năm,1.0,2.0,Junior (1-2 năm),"['Django / FastAPI', 'Docker', 'Git', 'Jira', 'PostgreSQL', 'Python']",6,"Django / FastAPI, Docker, Git, Jira, PostgreSQL, Python",Backend Developer,2026-09-03,https://recruitment.mock.vn/job/sim_67fb5c42,EnrichedMarketData
sim_0f33b84a,Frontend Developer (ReactJS/TypeScript),Enouvo IT Solutions,Remote,Remote / Toàn quốc,18 - 30 triệu,18.0,30.0,24.0,2-4 năm,2.0,4.0,Middle (3-5 năm),"['CI/CD', 'HTML/CSS', 'React', 'Redux', 'TypeScript']",5,"CI/CD, HTML/CSS, React, Redux, TypeScript",Frontend Developer,2026-08-16,https://recruitment.mock.vn/job/sim_0f33b84a,EnrichedMarketData
sim_d1e86f7e,Backend Engineer (Golang/Python),KMS Technology,Hồ Chí Minh,Hồ Chí Minh,1798 - 2812 USD,45.7,71.4,58.5,3-5 năm,3.0,5.0,Middle (3-5 năm),"['Docker', 'Golang', 'Kubernetes', 'PostgreSQL', 'Python', 'Redis', 'gRPC']",7,"Docker, Golang, Kubernetes, PostgreSQL, Python, Redis, gRPC",Backend Developer,2026-08-24,https://recruitment.mock.vn/job/sim_d1e86f7e,EnrichedMarketData
sim_423df9da,Fullstack .NET & Angular Developer,LG Electronics R&D,Đà Nẵng,Đà Nẵng,17 - 47 triệu,17.0,47.0,32.0,2-4 năm,2.0,4.0,Middle (3-5 năm),"['.NET Core', 'Angular', 'Azure', 'C#', 'Docker', 'Entity Framework', 'RESTful API', 'Redis', 'SQL']",9,".NET Core, Angular, Azure, C#, Docker, Entity Framework, RESTful API, Redis, SQL",Frontend Developer,2026-09-07,https://recruitment.mock.vn/job/sim_423df9da,EnrichedMarketData
sim_43d66c70,"Data Analyst (Power BI, SQL, Python)",One Mount Group,Hồ Chí Minh,Hồ Chí Minh,15 - 28 triệu,15.0,28.0,21.5,1-3 năm,1.0,3.0,Middle (3-5 năm),"['CI/CD', 'Data Modeling', 'Excel', 'Git', 'Power BI / BI', 'Python', 'RESTful API', 'SQL']",8,"CI/CD, Data Modeling, Excel, Git, Power BI / BI, Python, RESTful API, SQL",Data Analyst / BI,2026-09-10,https://recruitment.mock.vn/job/sim_43d66c70,EnrichedMarketData
sim_782960d4,Frontend Developer (ReactJS/TypeScript),Nal Solutions,Đà Nẵng,Đà Nẵng,1035 - 2372 USD,26.3,60.2,43.3,2-4 năm,2.0,4.0,Middle (3-5 năm),"['Docker', 'HTML/CSS', 'React', 'Redis', 'Redux', 'TypeScript']",6,"Docker, HTML/CSS, React, Redis, Redux, TypeScript",Frontend Developer,2026-09-01,https://recruitment.mock.vn/job/sim_782960d4,EnrichedMarketData
sim_56527ee2,QA / QC Automation Engineer,VNPT IT,Remote,Remote / Toàn quốc,22 - 60 triệu,22.0,60.0,41.0,2-4 năm,2.0,4.0,Middle (3-5 năm),"['Appium', 'CI/CD', 'JMeter', 'Java', 'Postman', 'Python', 'Selenium']",7,"Appium, CI/CD, JMeter, Java, Postman, Python, Selenium",QA / QC / Automation Tester,2026-09-07,https://recruitment.mock.vn/job/sim_56527ee2,EnrichedMarketData
sim_cd564c76,Senior Java Developer,VPBank Digital Banking,Hồ Chí Minh,Hồ Chí Minh,1782 - 3331 USD,45.3,84.6,64.9,4-6 năm,4.0,6.0,Senior / Lead (>5 năm),"['Apache Kafka', 'Docker', 'Git', 'Java', 'Jira', 'Linux', 'Microservices', 'MySQL', 'Spring Boot']",9,"Apache Kafka, Docker, Git, Java, Jira, Linux, Microservices, MySQL, Spring Boot",Backend Developer,2026-08-21,https://recruitment.mock.vn/job/sim_cd564c76,EnrichedMarketData
sim_080c89f0,Backend Engineer (Golang/Python),BOSCH Vietnam,Hà Nội,Hà Nội,1531 - 3168 USD,38.9,80.5,59.7,3-5 năm,3.0,5.0,Middle (3-5 năm),"['CI/CD', 'Docker', 'Golang', 'Jira', 'Kubernetes', 'PostgreSQL', 'Python', 'Redis', 'gRPC']",9,"CI/CD, Docker, Golang, Jira, Kubernetes, PostgreSQL, Python, Redis, gRPC",Backend Developer,2026-08-21,https://recruitment.mock.vn/job/sim_080c89f0,EnrichedMarketData
sim_c263365a,Backend Engineer (Golang/Python),Enouvo IT Solutions,Đà Nẵng,Đà Nẵng,25 - 45 triệu,25.0,45.0,35.0,3-5 năm,3.0,5.0,Middle (3-5 năm),"['Docker', 'Golang', 'Kubernetes', 'Linux', 'PostgreSQL', 'Python', 'Redis', 'gRPC']",8,"Docker, Golang, Kubernetes, Linux, PostgreSQL, Python, Redis, gRPC",Backend Developer,2026-08-26,https://recruitment.mock.vn/job/sim_c263365a,EnrichedMarketData
sim_7bf69401,DevOps Engineer,Enouvo IT Solutions,Remote,Remote / Toàn quốc,25 - 50 triệu,25.0,50.0,37.5,2-5 năm,2.0,5.0,Middle (3-5 năm),"['AWS', 'CI/CD', 'Docker', 'Kubernetes', 'Linux', 'Prometheus', 'Terraform']",7,"AWS, CI/CD, Docker, Kubernetes, Linux, Prometheus, Terraform",DevOps / Cloud Engineer,2026-08-21,https://recruitment.mock.vn/job/sim_7bf69401,EnrichedMarketData
sim_3f73f7ed,DevOps Engineer,VPBank Digital Banking,Đà Nẵng,Đà Nẵng,Thỏa thuận,,,,2-5 năm,2.0,5.0,Middle (3-5 năm),"['AWS', 'CI/CD', 'Docker', 'Jira', 'Kubernetes', 'Linux', 'Prometheus', 'Terraform']",8,"AWS, CI/CD, Docker, Jira, Kubernetes, Linux, Prometheus, Terraform",DevOps / Cloud Engineer,2026-09-02,https://recruitment.mock.vn/job/sim_3f73f7ed,EnrichedMarketData
sim_dc41d063,DevOps Engineer,VNPT IT,Hồ Chí Minh,Hồ Chí Minh,Thỏa thuận,,,,2-5 năm,2.0,5.0,Middle (3-5 năm),"['AWS', 'CI/CD', 'Docker', 'Git', 'Kubernetes', 'Linux', 'Prometheus', 'Terraform']",8,"AWS, CI/CD, Docker, Git, Kubernetes, Linux, Prometheus, Terraform",DevOps / Cloud Engineer,2026-08-23,https://recruitment.mock.vn/job/sim_dc41d063,EnrichedMarketData
sim_406d5d72,Fresher / Intern Software Engineer,Techcombank,Remote,Remote / Toàn quốc,6 - 10 triệu,6.0,10.0,8.0,Không yêu cầu,0.0,1.0,Fresher / Intern,"['C++', 'Data Structures', 'Git', 'Java', 'Jira', 'OOP', 'RESTful API', 'Redis', 'SQL']",9,"C++, Data Structures, Git, Java, Jira, OOP, RESTful API, Redis, SQL",Backend Developer,2026-08-18,https://recruitment.mock.vn/job/sim_406d5d72,EnrichedMarketData
sim_2231a620,Fresher / Intern Software Engineer,LG Electronics R&D,Hồ Chí Minh,Hồ Chí Minh,6 - 10 triệu,6.0,10.0,8.0,Không yêu cầu,0.0,1.0,Fresher / Intern,"['C++', 'CI/CD', 'Data Structures', 'Git', 'Java', 'Jira', 'OOP', 'SQL']",8,"C++, CI/CD, Data Structures, Git, Java, Jira, OOP, SQL",Backend Developer,2026-09-07,https://recruitment.mock.vn/job/sim_2231a620,EnrichedMarketData
sim_a2ed9ee6,Frontend Developer (ReactJS/TypeScript),Zalo Group,Hà Nội,Hà Nội,22 - 46 triệu,22.0,46.0,34.0,2-4 năm,2.0,4.0,Middle (3-5 năm),"['CI/CD', 'Docker', 'HTML/CSS', 'React', 'Redux', 'TypeScript']",6,"CI/CD, Docker, HTML/CSS, React, Redux, TypeScript",Frontend Developer,2026-09-01,https://recruitment.mock.vn/job/sim_a2ed9ee6,EnrichedMarketData
sim_2c96ef10,Mobile App Developer (Flutter / React Native),Grab Vietnam,Remote,Remote / Toàn quốc,Thỏa thuận,,,,2-4 năm,2.0,4.0,Middle (3-5 năm),"['Android', 'Dart', 'Docker', 'Flutter', 'Jira', 'RESTful API', 'React', 'Redis', 'iOS']",9,"Android, Dart, Docker, Flutter, Jira, RESTful API, React, Redis, iOS",Frontend Developer,2026-08-21,https://recruitment.mock.vn/job/sim_2c96ef10,EnrichedMarketData
sim_8824077b,Fullstack .NET & Angular Developer,Orient Software,Hà Nội,Hà Nội,21 - 52 triệu,21.0,52.0,36.5,2-4 năm,2.0,4.0,Middle (3-5 năm),"['.NET Core', 'Angular', 'Azure', 'C#', 'Docker', 'Entity Framework', 'Git', 'Jira', 'SQL']",9,".NET Core, Angular, Azure, C#, Docker, Entity Framework, Git, Jira, SQL",Frontend Developer,2026-08-23,https://recruitment.mock.vn/job/sim_8824077b,EnrichedMarketData
sim_cc7746ea,QA / QC Automation Engineer,BOSCH Vietnam,Remote,Remote / Toàn quốc,Thỏa thuận,,,,2-4 năm,2.0,4.0,Middle (3-5 năm),"['Appium', 'Git', 'JMeter', 'Java', 'Postman', 'Python', 'Selenium']",7,"Appium, Git, JMeter, Java, Postman, Python, Selenium",QA / QC / Automation Tester,2026-08-23,https://recruitment.mock.vn/job/sim_cc7746ea,EnrichedMarketData
sim_35b054f8,Fresher / Intern Software Engineer,One Mount Group,Remote,Remote / Toàn quốc,1758 - 2021 USD,44.7,51.3,48.0,Không yêu cầu,0.0,1.0,Fresher / Intern,"['C++', 'Data Structures', 'Docker', 'Git', 'Java', 'Linux', 'OOP', 'SQL']",8,"C++, Data Structures, Docker, Git, Java, Linux, OOP, SQL",Backend Developer,2026-08-29,https://recruitment.mock.vn/job/sim_35b054f8,EnrichedMarketData
sim_be13789e,QA / QC Automation Engineer,Tiki Corporation,Hà Nội,Hà Nội,16 - 32 triệu,16.0,32.0,24.0,2-4 năm,2.0,4.0,Middle (3-5 năm),"['Appium', 'Docker', 'JMeter', 'Java', 'Postman', 'Python', 'Redis', 'Selenium']",8,"Appium, Docker, JMeter, Java, Postman, Python, Redis, Selenium",QA / QC / Automation Tester,2026-08-20,https://recruitment.mock.vn/job/sim_be13789e,EnrichedMarketData
sim_d2ea0f74,Fullstack .NET & Angular Developer,MOMO,Remote,Remote / Toàn quốc,Thỏa thuận,,,,2-4 năm,2.0,4.0,Middle (3-5 năm),"['.NET Core', 'Angular', 'Azure', 'C#', 'Entity Framework', 'Jira', 'Linux', 'SQL']",8,".NET Core, Angular, Azure, C#, Entity Framework, Jira, Linux, SQL",Frontend Developer,2026-09-01,https://recruitment.mock.vn/job/sim_d2ea0f74,EnrichedMarketData
sim_f40fc4a5,Backend Engineer (Golang/Python),MB Bank Digital Hub,Hồ Chí Minh,Hồ Chí Minh,21 - 49 triệu,21.0,49.0,35.0,3-5 năm,3.0,5.0,Middle (3-5 năm),"['Golang', 'Kubernetes', 'PostgreSQL', 'Python', 'Redis', 'gRPC']",6,"Golang, Kubernetes, PostgreSQL, Python, Redis, gRPC",Backend Developer,2026-09-09,https://recruitment.mock.vn/job/sim_f40fc4a5,EnrichedMarketData
sim_7dc2c44b,QA / QC Automation Engineer,KMS Technology,Hồ Chí Minh,Hồ Chí Minh,30 - 51 triệu,30.0,51.0,40.5,2-4 năm,2.0,4.0,Middle (3-5 năm),"['Appium', 'JMeter', 'Java', 'Jira', 'Postman', 'Python', 'Selenium']",7,"Appium, JMeter, Java, Jira, Postman, Python, Selenium",QA / QC / Automation Tester,2026-08-28,https://recruitment.mock.vn/job/sim_7dc2c44b,EnrichedMarketData
sim_1030ab36,Frontend Developer (ReactJS/TypeScript),VPBank Digital Banking,Đà Nẵng,Đà Nẵng,18 - 30 triệu,18.0,30.0,24.0,2-4 năm,2.0,4.0,Middle (3-5 năm),"['Git', 'HTML/CSS', 'RESTful API', 'React', 'Redis', 'Redux', 'TypeScript']",7,"Git, HTML/CSS, RESTful API, React, Redis, Redux, TypeScript",Frontend Developer,2026-08-30,https://recruitment.mock.vn/job/sim_1030ab36,EnrichedMarketData
sim_ed8a84e3,DevOps Engineer,Axon Active Vietnam,Remote,Remote / Toàn quốc,25 - 50 triệu,25.0,50.0,37.5,2-5 năm,2.0,5.0,Middle (3-5 năm),"['AWS', 'CI/CD', 'Docker', 'Git', 'Kubernetes', 'Linux', 'Prometheus', 'Terraform']",8,"AWS, CI/CD, Docker, Git, Kubernetes, Linux, Prometheus, Terraform",DevOps / Cloud Engineer,2026-09-05,https://recruitment.mock.vn/job/sim_ed8a84e3,EnrichedMarketData
sim_826a3f99,Backend Engineer (Golang/Python),MOMO,Hồ Chí Minh,Hồ Chí Minh,22 - 37 triệu,22.0,37.0,29.5,3-5 năm,3.0,5.0,Middle (3-5 năm),"['Docker', 'Golang', 'Kubernetes', 'PostgreSQL', 'Python', 'RESTful API', 'Redis', 'gRPC']",8,"Docker, Golang, Kubernetes, PostgreSQL, Python, RESTful API, Redis, gRPC",Backend Developer,2026-08-30,https://recruitment.mock.vn/job/sim_826a3f99,EnrichedMarketData
sim_0bc5e06f,Backend Engineer (Golang/Python),Grab Vietnam,Đà Nẵng,Đà Nẵng,1302 - 3395 USD,33.1,86.2,59.7,3-5 năm,3.0,5.0,Middle (3-5 năm),"['CI/CD', 'Docker', 'Golang', 'Jira', 'Kubernetes', 'PostgreSQL', 'Python', 'Redis', 'gRPC']",9,"CI/CD, Docker, Golang, Jira, Kubernetes, PostgreSQL, Python, Redis, gRPC",Backend Developer,2026-09-06,https://recruitment.mock.vn/job/sim_0bc5e06f,EnrichedMarketData
sim_64e91b6d,Backend Engineer (Golang/Python),Sun Asterisk,Hồ Chí Minh,Hồ Chí Minh,Thỏa thuận,,,,3-5 năm,3.0,5.0,Middle (3-5 năm),"['Docker', 'Golang', 'Jira', 'Kubernetes', 'PostgreSQL', 'Python', 'Redis', 'gRPC']",8,"Docker, Golang, Jira, Kubernetes, PostgreSQL, Python, Redis, gRPC",Backend Developer,2026-08-30,https://recruitment.mock.vn/job/sim_64e91b6d,EnrichedMarketData
sim_f219ba81,AI / Machine Learning Engineer,KMS Technology,Hồ Chí Minh,Hồ Chí Minh,Thỏa thuận,,,,2-5 năm,2.0,5.0,Middle (3-5 năm),"['AI / Machine Learning', 'Computer Vision', 'Docker', 'Jira', 'Python', 'RESTful API', 'Redis']",7,"AI / Machine Learning, Computer Vision, Docker, Jira, Python, RESTful API, Redis",AI / Machine Learning Engineer,2026-08-18,https://recruitment.mock.vn/job/sim_f219ba81,EnrichedMarketData
sim_562ad2f3,Senior Java Developer,VTI Group,Đà Nẵng,Đà Nẵng,1533 - 2345 USD,38.9,59.6,49.3,4-6 năm,4.0,6.0,Senior / Lead (>5 năm),"['Apache Kafka', 'Docker', 'Java', 'Linux', 'Microservices', 'MySQL', 'Spring Boot']",7,"Apache Kafka, Docker, Java, Linux, Microservices, MySQL, Spring Boot",Backend Developer,2026-08-24,https://recruitment.mock.vn/job/sim_562ad2f3,EnrichedMarketData
sim_2986fdaa,Senior Java Developer,Viettel Solutions,Hà Nội,Hà Nội,1654 - 2492 USD,42.0,63.3,52.7,4-6 năm,4.0,6.0,Senior / Lead (>5 năm),"['Apache Kafka', 'Docker', 'Java', 'Microservices', 'MySQL', 'Spring Boot']",6,"Apache Kafka, Docker, Java, Microservices, MySQL, Spring Boot",Backend Developer,2026-08-25,https://recruitment.mock.vn/job/sim_2986fdaa,EnrichedMarketData
sim_b8707b01,Backend Engineer (Golang/Python),Techcombank,Đà Nẵng,Đà Nẵng,25 - 45 triệu,25.0,45.0,35.0,3-5 năm,3.0,5.0,Middle (3-5 năm),"['Docker', 'Golang', 'Kubernetes', 'Linux', 'PostgreSQL', 'Python', 'Redis', 'gRPC']",8,"Docker, Golang, Kubernetes, Linux, PostgreSQL, Python, Redis, gRPC",Backend Developer,2026-08-15,https://recruitment.mock.vn/job/sim_b8707b01,EnrichedMarketData
sim_a604d74c,Backend Engineer (Golang/Python),Orient Software,Đà Nẵng,Đà Nẵng,1173 - 2686 USD,29.8,68.2,49.0,3-5 năm,3.0,5.0,Middle (3-5 năm),"['Git', 'Golang', 'Kubernetes', 'PostgreSQL', 'Python', 'Redis', 'gRPC']",7,"Git, Golang, Kubernetes, PostgreSQL, Python, Redis, gRPC",Backend Developer,2026-08-16,https://recruitment.mock.vn/job/sim_a604d74c,EnrichedMarketData
sim_9d1a9379,DevOps Engineer,FPT Software,Đà Nẵng,Đà Nẵng,25 - 50 triệu,25.0,50.0,37.5,2-5 năm,2.0,5.0,Middle (3-5 năm),"['AWS', 'CI/CD', 'Docker', 'Kubernetes', 'Linux', 'Prometheus', 'Redis', 'Terraform']",8,"AWS, CI/CD, Docker, Kubernetes, Linux, Prometheus, Redis, Terraform",DevOps / Cloud Engineer,2026-08-28,https://recruitment.mock.vn/job/sim_9d1a9379,EnrichedMarketData
sim_03bc7347,Junior Python Backend Developer,VPBank Digital Banking,Remote,Remote / Toàn quốc,Thỏa thuận,,,,1-2 năm,1.0,2.0,Junior (1-2 năm),"['CI/CD', 'Django / FastAPI', 'Docker', 'Git', 'PostgreSQL', 'Python', 'RESTful API', 'Redis']",8,"CI/CD, Django / FastAPI, Docker, Git, PostgreSQL, Python, RESTful API, Redis",Backend Developer,2026-09-06,https://recruitment.mock.vn/job/sim_03bc7347,EnrichedMarketData
sim_6658d73d,Junior Python Backend Developer,Shopee Vietnam,Hồ Chí Minh,Hồ Chí Minh,21 - 36 triệu,21.0,36.0,28.5,1-2 năm,1.0,2.0,Junior (1-2 năm),"['Django / FastAPI', 'Docker', 'Git', 'Linux', 'PostgreSQL', 'Python', 'RESTful API', 'Redis']",8,"Django / FastAPI, Docker, Git, Linux, PostgreSQL, Python, RESTful API, Redis",Backend Developer,2026-09-07,https://recruitment.mock.vn/job/sim_6658d73d,EnrichedMarketData
sim_16e81052,QA / QC Automation Engineer,VNG Corporation,Đà Nẵng,Đà Nẵng,1136 - 2164 USD,28.9,55.0,41.9,2-4 năm,2.0,4.0,Middle (3-5 năm),"['Appium', 'CI/CD', 'Docker', 'JMeter', 'Java', 'Postman', 'Python', 'RESTful API', 'Selenium']",9,"Appium, CI/CD, Docker, JMeter, Java, Postman, Python, RESTful API, Selenium",QA / QC / Automation Tester,2026-09-05,https://recruitment.mock.vn/job/sim_16e81052,EnrichedMarketData
sim_713b8a2f,Fresher / Intern Software Engineer,VTI Group,Hồ Chí Minh,Hồ Chí Minh,28 - 43 triệu,28.0,43.0,35.5,Không yêu cầu,0.0,1.0,Fresher / Intern,"['C++', 'Data Structures', 'Git', 'Java', 'Linux', 'OOP', 'Redis', 'SQL']",8,"C++, Data Structures, Git, Java, Linux, OOP, Redis, SQL",Backend Developer,2026-08-21,https://recruitment.mock.vn/job/sim_713b8a2f,EnrichedMarketData
sim_4e00ad46,Junior Python Backend Developer,Nal Solutions,Hà Nội,Hà Nội,12 - 20 triệu,12.0,20.0,16.0,1-2 năm,1.0,2.0,Junior (1-2 năm),"['CI/CD', 'Django / FastAPI', 'Docker', 'Git', 'PostgreSQL', 'Python']",6,"CI/CD, Django / FastAPI, Docker, Git, PostgreSQL, Python",Backend Developer,2026-09-12,https://recruitment.mock.vn/job/sim_4e00ad46,EnrichedMarketData
cv_8acd0573e013,IT Engineer,CÔNG TY TRÁCH NHIỆM HỮU HẠN FM SUPPLY CHAIN VIỆT NAM,Bắc Ninh,Tỉnh thành khác,Cạnh tranh,,,,1-3 năm,1.0,3.0,Middle (3-5 năm),[],0,,Software Engineer (Chung),2026-10-31,https://careerviet.vn/vi/tim-viec-lam/it-engineer.35C87608.html,CareerViet
cv_8b3c14aead4d,Nhân viên IT,CÔNG TY CỔ PHẦN TÀ LÙNG QUANG MINH,Cao Bằng,Tỉnh thành khác,10 - 12 Triệu VND,10.0,12.0,11.0,1-3 năm,1.0,3.0,Middle (3-5 năm),[],0,,Software Engineer (Chung),2026-09-24,https://careerviet.vn/vi/tim-viec-lam/nhan-vien-it.35C879C1.html,CareerViet
cv_08e2334d102a,IT Business Analyst,CÔNG TY CỔ PHẦN DƯỢC PHẨM FPT LONG CHÂU,Hồ Chí Minh,Hồ Chí Minh,Cạnh tranh,,,,1-3 năm,1.0,3.0,Middle (3-5 năm),[],0,,Software Engineer (Chung),2026-10-22,https://careerviet.vn/vi/tim-viec-lam/it-business-analyst.35C87F35.html,CareerViet
cv_a31ddde60de6,IT Business Analyst,Công Ty Cổ Phần A25 Hotel,Hà Nội,Hà Nội,18 - 30 Triệu VND,18.0,30.0,24.0,1-3 năm,1.0,3.0,Middle (3-5 năm),[],0,,Software Engineer (Chung),2026-10-31,https://careerviet.vn/vi/tim-viec-lam/it-business-analyst.35C88683.html,CareerViet
cv_60bcce21a646,Nhân viên IT cơ sở,Công ty CP Giáo dục Quốc tế Việt Úc,Hồ Chí Minh,Hồ Chí Minh,Cạnh tranh,,,,1-3 năm,1.0,3.0,Middle (3-5 năm),[],0,,Software Engineer (Chung),2026-10-30,https://careerviet.vn/vi/tim-viec-lam/nhan-vien-it-co-so.35C87E12.html,CareerViet
cv_257606df4435,IT Supervisor/ Business Technology Supervisor,Công Ty NABATI Việt Nam,Hồ Chí Minh,Hồ Chí Minh,Cạnh tranh,,,,1-3 năm,1.0,3.0,Middle (3-5 năm),[],0,,Software Engineer (Chung),2026-10-20,https://careerviet.vn/vi/tim-viec-lam/it-supervisor-business-technology-supervisor.35C878B2.html,CareerViet
cv_29b22afbebc0,Senior DevOps Engineer (IT),HSC - Chứng Khoán Thành Phố Hồ Chí Minh,Hồ Chí Minh,Hồ Chí Minh,Cạnh tranh,,,,1-3 năm,1.0,3.0,Middle (3-5 năm),[],0,,DevOps / Cloud Engineer,2026-10-31,https://careerviet.vn/vi/tim-viec-lam/senior-devops-engineer-it.35C86F95.html,CareerViet
cv_9ed9099cd3d3,IT Security Governance Specialist – ID5748,Ngân Hàng TMCP Việt Nam Thịnh Vượng - VPBANK,Hà NộiHồ Chí Minh,Hà Nội,Cạnh tranh,,,,1-3 năm,1.0,3.0,Middle (3-5 năm),[],0,,Software Engineer (Chung),2026-10-15,https://careerviet.vn/vi/tim-viec-lam/it-security-governance-specialist-id5748.35C8748A.html,CareerViet
cv_1b5667806716,IT Phần cứng và Phần mềm,CÔNG TY TNHH BILLION VIETNAM HOLDING,Hồ Chí Minh,Hồ Chí Minh,10 - 15 Triệu VND,10.0,15.0,12.5,1-3 năm,1.0,3.0,Middle (3-5 năm),[],0,,Software Engineer (Chung),2026-10-15,https://careerviet.vn/vi/tim-viec-lam/it-phan-cung-va-phan-mem.35C87FF0.html,CareerViet
cv_b3065e58751e,CHUYÊN VIÊN CÔNG NGHỆ THÔNG TIN (IT EXECUTIVE),Công ty cổ phần SIMPACE Việt Nam,Hà Nội,Hà Nội,Trên 15 Triệu VND,15.0,19.5,17.2,1-3 năm,1.0,3.0,Middle (3-5 năm),[],0,,Software Engineer (Chung),2026-10-24,https://careerviet.vn/vi/tim-viec-lam/chuyen-vien-cong-nghe-thong-tin-it-executive.35C88388.html,CareerViet
cv_2e54cc642119,IT BUSINESS ANALYST (Yêu cầu biết tiếng Trung),Công Ty TNHH Okia Optical Việt Nam,Tây Ninh,Tỉnh thành khác,20 - 30 Triệu VND,20.0,30.0,25.0,1-3 năm,1.0,3.0,Middle (3-5 năm),[],0,,Software Engineer (Chung),2026-10-15,https://careerviet.vn/vi/tim-viec-lam/it-business-analyst-yeu-cau-biet-tieng-trung.35C878FF.html,CareerViet
cv_23ab238d51f1,"Nhân Viên IT (Tiếng Trung, làm tại Quảng Ninh)",Headhunter HRchannels Group,Quảng NinhHải PhòngHải Dương,Tỉnh thành khác,13 - 35 Triệu VND,13.0,35.0,24.0,1-3 năm,1.0,3.0,Middle (3-5 năm),[],0,,Software Engineer (Chung),2026-10-13,https://careerviet.vn/vi/tim-viec-lam/nhan-vien-it-tieng-trung-lam-tai-quang-ninh.35C833DD.html,CareerViet
cv_828f92fc377d,Merchandiser (Product Developer),"Công ty TNHH, Liên Doanh Vĩnh Hưng (TMI Việt Nam)",Hồ Chí Minh,Hồ Chí Minh,Cạnh tranh,,,,1-3 năm,1.0,3.0,Middle (3-5 năm),[],0,,Software Engineer (Chung),2026-10-30,https://careerviet.vn/vi/tim-viec-lam/merchandiser-product-developer.35C870A8.html,CareerViet
cv_cec584a0d79d,[PSC] Developer / Chuyên viên lập trình,Công Ty Cổ Phần Phúc Sinh,Hồ Chí Minh,Hồ Chí Minh,Cạnh tranh,,,,1-3 năm,1.0,3.0,Middle (3-5 năm),[],0,,Software Engineer (Chung),2026-10-21,https://careerviet.vn/vi/tim-viec-lam/psc-developer-chuyen-vien-lap-trinh.35C88082.html,CareerViet
cv_85b98b7d5c7e,Backend Developer (Java/Spring Boot),Công Ty Cổ phần Tập Đoàn KIDO,Hồ Chí Minh,Hồ Chí Minh,Cạnh tranh,,,,1-3 năm,1.0,3.0,Middle (3-5 năm),"['Java', 'Spring Boot']",2,"Java, Spring Boot",Backend Developer,2026-10-13,https://careerviet.vn/vi/tim-viec-lam/backend-developer-java-spring-boot.35C8714E.html,CareerViet
cv_1045ad0ece7e,NV Phát triển vải/ Fabric Developer,"Công ty TNHH, Liên Doanh Vĩnh Hưng (TMI Việt Nam)",Hồ Chí Minh,Hồ Chí Minh,12 - 15 Triệu VND,12.0,15.0,13.5,1-3 năm,1.0,3.0,Middle (3-5 năm),[],0,,Software Engineer (Chung),2026-10-31,https://careerviet.vn/vi/tim-viec-lam/nv-phat-trien-vai-fabric-developer.35C870B3.html,CareerViet
cv_fc8d1c1867f0,Product Development Engineer II (Experience Mechanical Design),Sonion Vietnam,Hồ Chí Minh,Hồ Chí Minh,Cạnh tranh,,,,1-3 năm,1.0,3.0,Middle (3-5 năm),[],0,,Software Engineer (Chung),2026-10-31,https://careerviet.vn/vi/tim-viec-lam/product-development-engineer-ii-experience-mechanical-design.35C8781F.html,CareerViet
cv_fc67eb959803,Footwear Developer - Chuyên viên khai thác giày,Công ty TNHH Giầy Chingluh Việt Nam,Long An,Tỉnh thành khác,Cạnh tranh,,,,1-3 năm,1.0,3.0,Middle (3-5 năm),[],0,,Software Engineer (Chung),2026-10-31,https://careerviet.vn/vi/tim-viec-lam/footwear-developer-chuyen-vien-khai-thac-giay.35C87B72.html,CareerViet
cv_d9fec64ec0a0,TỔ TRƯỞNG QC (THỰC PHẨM)/QC LEADER,CÔNG TY TNHH DENIS G.M.,Bình Dương,Tỉnh thành khác,Cạnh tranh,,,,1-3 năm,1.0,3.0,Middle (3-5 năm),[],0,,QA / QC / Automation Tester,2026-10-28,https://careerviet.vn/vi/tim-viec-lam/to-truong-qc-thuc-pham-qc-leader.35C8893C.html,CareerViet
cv_e5be188717a6,QA / Food Compliance Staff - Nhân Viên Tuân Thủ An Toàn Thực Phẩm (FSSC),CÔNG TY TNHH DENIS G.M.,Bình Dương,Tỉnh thành khác,Cạnh tranh,,,,1-3 năm,1.0,3.0,Middle (3-5 năm),[],0,,QA / QC / Automation Tester,2026-10-28,https://careerviet.vn/vi/tim-viec-lam/qa-food-compliance-staff-nhan-vien-tuan-thu-an-toan-thuc-pham-fssc.35C8892E.html,CareerViet
cv_6ad6dcebb5ec,Chuyên viên QA Giải quyết khiếu nại khách hàng,BETRIMEX - Công Ty Cổ Phần Xuất Nhập Khẩu Bến Tre,Vĩnh Long,Tỉnh thành khác,Cạnh tranh,,,,1-3 năm,1.0,3.0,Middle (3-5 năm),[],0,,QA / QC / Automation Tester,2026-10-31,https://careerviet.vn/vi/tim-viec-lam/chuyen-vien-qa-giai-quyet-khieu-nai-khach-hang.35C888F4.html,CareerViet
topcv_6abe9cb8a50e,HTML Trainee,CÔNG TY TRÁCH NHIỆM HỮU HẠN MỘT THÀNH VIÊN THƯƠNG MẠI & DỊCH VỤ FASTCODING VIỆT NAM,Đà Nẵng (mới),Đà Nẵng,8 - 10 triệu,8.0,10.0,9.0,Không yêu cầu,0.0,1.0,Fresher / Intern,"['Fron...', 'HTML/CSS']",2,"Fron..., HTML/CSS",Software Engineer (Chung),2026-09-28,https://www.topcv.vn/viec-lam/html-trainee/2300170.html?ta_source=JobSearchList_LinkDetail&u_sr_id=JtfnZqknvv0s200otdOX2zXZcUZOLjvfUCkOKWy8_1790579620,TopCV
topcv_3e65c7047ad1,Senior Backend Developer – Lương 20 - 35 Triệu+| Nghỉ T7 & CN| Yêu Cầu 3 Năm Kinh Nghiệm - Đi Làm Ngay,Công ty TNHH AIOZ Việt Nam,Hồ Chí Minh (mới),Hồ Chí Minh,20 - 35 triệu,20.0,35.0,27.5,3 năm,3.0,4.0,Middle (3-5 năm),"['3 năm kinh nghiệm...', 'Backend Deve...']",2,"3 năm kinh nghiệm..., Backend Deve...",Backend Developer,2026-09-28,https://www.topcv.vn/viec-lam/senior-backend-developer-luong-20-35-trieu-nghi-t7-cn-yeu-cau-3-nam-kinh-nghiem-di-lam-ngay/2301424.html?ta_source=JobSearchList_LinkDetail&u_sr_id=JtfnZqknvv0s200otdOX2zXZcUZOLjvfUCkOKWy8_1790579620,TopCV
topcv_35a0cc88200f,Fullstack Developer,CÔNG TY CỔ PHẦN VIBOTICS,Hà Nội,Hà Nội,Tới 20 triệu,14.0,20.0,17.0,1 năm,1.0,2.0,Junior (1-2 năm),"['1 năm kinh nghiệm...', 'Fullstack De...']",2,"1 năm kinh nghiệm..., Fullstack De...",Fullstack Developer,2026-09-28,https://www.topcv.vn/viec-lam/fullstack-developer/2300787.html?ta_source=JobSearchList_LinkDetail&u_sr_id=JtfnZqknvv0s200otdOX2zXZcUZOLjvfUCkOKWy8_1790579620,TopCV
topcv_7613a2e9b63e,Backend Developer (.NET) - Middle,CÔNG TY TNHH SR GROUP,Hồ Chí Minh (mới),Hồ Chí Minh,Thoả thuận,,,,3 năm,3.0,4.0,Middle (3-5 năm),"['3 năm kinh nghiệm...', 'Backend Deve...']",2,"3 năm kinh nghiệm..., Backend Deve...",Backend Developer,2026-09-28,https://www.topcv.vn/viec-lam/backend-developer-net-middle/2300328.html?ta_source=JobSearchList_LinkDetail&u_sr_id=JtfnZqknvv0s200otdOX2zXZcUZOLjvfUCkOKWy8_1790579620,TopCV
topcv_c76ec71f89a8,Full Stack Developer | Java - JavaScript/TypeScript | 3 -  5 Năm Kinh Nghiệm,CÔNG TY TNHH GEO SYSTEM SOLUTIONS VIỆT NAM,Hồ Chí Minh (mới),Hồ Chí Minh,Thoả thuận,,,,3 năm,3.0,4.0,Middle (3-5 năm),"['3 năm kinh nghiệm...', 'Fullstack De...', 'Java', 'JavaScript', 'TypeScript']",5,"3 năm kinh nghiệm..., Fullstack De..., Java, JavaScript, TypeScript",Backend Developer,2026-09-28,https://www.topcv.vn/viec-lam/full-stack-developer-java-javascript-typescript-3-5-nam-kinh-nghiem/2303052.html?ta_source=JobSearchList_LinkDetail&u_sr_id=JtfnZqknvv0s200otdOX2zXZcUZOLjvfUCkOKWy8_1790579620,TopCV
topcv_4b8990050f41,Java Backend Developer (Java/Spring Boot) | UP TO 30M+,Edufit,Hà Nội,Hà Nội,Tới 30 triệu,21.0,30.0,25.5,3 năm,3.0,4.0,Middle (3-5 năm),"['3 năm kinh nghiệm...', 'Backend Deve...', 'Java', 'Spring Boot']",4,"3 năm kinh nghiệm..., Backend Deve..., Java, Spring Boot",Backend Developer,2026-09-28,https://www.topcv.vn/viec-lam/java-backend-developer-java-spring-boot-up-to-30m/2303148.html?ta_source=JobSearchList_LinkDetail&u_sr_id=JtfnZqknvv0s200otdOX2zXZcUZOLjvfUCkOKWy8_1790579620,TopCV
topcv_cc3d8cf06b0b,"Lập Trình Viên Web (C#, .Net) [Junior]",Công ty Cổ phần MISA,Hà Nội,Hà Nội,Tới 30 triệu,21.0,30.0,25.5,2 năm,2.0,3.0,Middle (3-5 năm),"['2 năm kinh nghiệm...', 'Fullstack De...', 'Nổi bật']",3,"2 năm kinh nghiệm..., Fullstack De..., Nổi bật",Software Engineer (Chung),2026-09-28,https://www.topcv.vn/viec-lam/lap-trinh-vien-web-c-net-junior/2300266.html?ta_source=JobSearchList_LinkDetail&u_sr_id=JtfnZqknvv0s200otdOX2zXZcUZOLjvfUCkOKWy8_1790579620,TopCV
topcv_44ff0ce35852,Fullstack Developer -  Techlead Track,Công ty Cổ Phần Công Nghệ Evotek Việt Nam,Hà Nội,Hà Nội,Từ 40 triệu,40.0,52.0,46.0,3 năm,3.0,4.0,Middle (3-5 năm),"['3 năm kinh nghiệm...', 'Fullstack De...']",2,"3 năm kinh nghiệm..., Fullstack De...",Fullstack Developer,2026-09-28,https://www.topcv.vn/viec-lam/fullstack-developer-techlead-track/2305183.html?ta_source=JobSearchList_LinkDetail&u_sr_id=JtfnZqknvv0s200otdOX2zXZcUZOLjvfUCkOKWy8_1790579620,TopCV
topcv_ca1f4801b419,Fresher Web Developer (GPA 3.2+) — Lương Khởi Điểm Từ 15m,Công ty Cổ phần MISA,Hà Nội,Hà Nội,Từ 15 triệu,15.0,19.5,17.2,Không yêu cầu,0.0,1.0,Fresher / Intern,"['Full...', 'Nổi bật']",2,"Full..., Nổi bật",Frontend Developer,2026-09-28,https://www.topcv.vn/viec-lam/fresher-web-developer-gpa-3-2-luong-khoi-diem-tu-15m/2309569.html?ta_source=JobSearchList_LinkDetail&u_sr_id=JtfnZqknvv0s200otdOX2zXZcUZOLjvfUCkOKWy8_1790579620,TopCV
topcv_1b7b390aa3c9,Middle Java Developer,VIETTEL DIGITAL SERVICES CORPORATION - BRANCH OF VIETTEL GROUP,Hà Nội,Hà Nội,Thoả thuận,,,,3 năm,3.0,4.0,Middle (3-5 năm),"['3 năm kinh nghiệm...', 'Java', 'Software Eng...']",3,"3 năm kinh nghiệm..., Java, Software Eng...",Backend Developer,2026-09-28,https://www.topcv.vn/viec-lam/middle-java-developer/2235088.html?ta_source=JobSearchList_LinkDetail&u_sr_id=JtfnZqknvv0s200otdOX2zXZcUZOLjvfUCkOKWy8_1790579620,TopCV
topcv_51b7de949ef3,Mobile Developers (IOS/Android/Flutter) Fresher - Junior,VNPT Technology - Công ty Cổ phần Công nghệ Công nghiệp Bưu chính viễn thông,Hà Nội,Hà Nội,Thoả thuận,,,,Không yêu cầu,0.0,1.0,Fresher / Intern,['Mobi...'],1,Mobi...,Mobile Developer,2026-09-28,https://www.topcv.vn/viec-lam/mobile-developers-ios-android-flutter-fresher-junior/2309599.html?ta_source=JobSearchList_LinkDetail&u_sr_id=JtfnZqknvv0s200otdOX2zXZcUZOLjvfUCkOKWy8_1790579620,TopCV
topcv_5e9e27ae7249,"Lập Trình Viên Java - Java Developer, 2 Năm Kinh Nghiệm, Lương Đến 40 Triệu",Công ty Cổ Phần Công Nghệ Evotek Việt Nam,Hà Nội,Hà Nội,Từ 40 triệu,40.0,52.0,46.0,2 năm,2.0,3.0,Middle (3-5 năm),"['2 năm kinh nghiệm...', 'Backend Deve...', 'Java']",3,"2 năm kinh nghiệm..., Backend Deve..., Java",Backend Developer,2026-09-28,https://www.topcv.vn/viec-lam/lap-trinh-vien-java-java-developer-2-nam-kinh-nghiem-luong-den-40-trieu/2311684.html?ta_source=JobSearchList_LinkDetail&u_sr_id=JtfnZqknvv0s200otdOX2zXZcUZOLjvfUCkOKWy8_1790579620,TopCV
topcv_e2488da753b8,"Kỹ Sư Lập Trình Fullstack: Backend (Golang), Frontend (ReactJS, TypeScript)",Công ty TNHH Công Nghệ Dicom,Hà Nội,Hà Nội,Thoả thuận,,,,1 năm,1.0,2.0,Junior (1-2 năm),"['1 năm kinh nghiệm...', 'Fullstack De...', 'Golang', 'React', 'TypeScript']",5,"1 năm kinh nghiệm..., Fullstack De..., Golang, React, TypeScript",Backend Developer,2026-09-28,https://www.topcv.vn/viec-lam/ky-su-lap-trinh-fullstack-backend-golang-frontend-reactjs-typescript/2250117.html?ta_source=JobSearchList_LinkDetail&u_sr_id=JtfnZqknvv0s200otdOX2zXZcUZOLjvfUCkOKWy8_1790579620,TopCV
topcv_e8f4686256be,DWDM/ Transmission Engineer,Công Ty TNHH Công Nghệ Huawei Việt Nam,Hà Nội,Hà Nội,Thoả thuận,,,,3 năm,3.0,4.0,Middle (3-5 năm),"['3 năm kinh nghiệm...', 'Blockchain E...']",2,"3 năm kinh nghiệm..., Blockchain E...",Software Engineer (Chung),2026-09-28,https://www.topcv.vn/viec-lam/dwdm-transmission-engineer/2306184.html?ta_source=JobSearchList_LinkDetail&u_sr_id=JtfnZqknvv0s200otdOX2zXZcUZOLjvfUCkOKWy8_1790579620,TopCV
topcv_90ce2773f696,IOS Developer Onsite Bank,Công ty TNHH Công nghệ và Truyền thông VNDitech,Hà Nội,Hà Nội,Tới 30 triệu,21.0,30.0,25.5,2 năm,2.0,3.0,Middle (3-5 năm),"['2 năm kinh nghiệm...', 'Mobile Devel...', 'Nổi bật']",3,"2 năm kinh nghiệm..., Mobile Devel..., Nổi bật",Mobile Developer,2026-09-28,https://www.topcv.vn/viec-lam/ios-developer-onsite-bank/1540232.html?ta_source=JobSearchList_LinkDetail&u_sr_id=JtfnZqknvv0s200otdOX2zXZcUZOLjvfUCkOKWy8_1790579620,TopCV
topcv_b283ca34431d,Android Developer Onsite Bank,Công ty TNHH Công nghệ và Truyền thông VNDitech,Hà Nội,Hà Nội,15 - 30 triệu,15.0,30.0,22.5,2 năm,2.0,3.0,Middle (3-5 năm),"['2 năm kinh nghiệm...', 'Mobile Devel...', 'Nổi bật']",3,"2 năm kinh nghiệm..., Mobile Devel..., Nổi bật",Mobile Developer,2026-09-28,https://www.topcv.vn/viec-lam/android-developer-onsite-bank/1539938.html?ta_source=JobSearchList_LinkDetail&u_sr_id=JtfnZqknvv0s200otdOX2zXZcUZOLjvfUCkOKWy8_1790579620,TopCV
topcv_1d2075894ea2,Kỹ Sư Automation Software,VNPT Technology - Công ty Cổ phần Công nghệ Công nghiệp Bưu chính viễn thông,Hà Nội,Hà Nội,Thoả thuận,,,,2 năm,2.0,3.0,Middle (3-5 năm),"['2 năm kinh nghiệm...', 'Software Eng...']",2,"2 năm kinh nghiệm..., Software Eng...",Software Engineer (Chung),2026-09-28,https://www.topcv.vn/viec-lam/ky-su-automation-software/2277104.html?ta_source=JobSearchList_LinkDetail&u_sr_id=JtfnZqknvv0s200otdOX2zXZcUZOLjvfUCkOKWy8_1790579620,TopCV
topcv_a4326e9b7cbc,"Java Developer - YC 3 Năm KN +, ĐHBK ĐHQG, BCVT, MTA, ĐH Công Nghiệp, ĐH GTVT",TỔNG CÔNG TY GIẢI PHÁP DOANH NGHIỆP VIETTEL - CHI NHÁNH TẬP ĐOÀN CÔNG NGHIỆP - VIỄN THÔNG QUÂN ĐỘI,Hà Nội,Hà Nội,20 - 60 triệu,20.0,60.0,40.0,2 năm,2.0,3.0,Middle (3-5 năm),"['2 năm kinh nghiệm...', 'Backend Deve...', 'Java']",3,"2 năm kinh nghiệm..., Backend Deve..., Java",Backend Developer,2026-09-28,https://www.topcv.vn/viec-lam/java-developer-yc-3-nam-kn-dhbk-dhqg-bcvt-mta-dh-cong-nghiep-dh-gtvt/2140970.html?ta_source=JobSearchList_LinkDetail&u_sr_id=JtfnZqknvv0s200otdOX2zXZcUZOLjvfUCkOKWy8_1790579620,TopCV
topcv_0a927240c576,Backend Engineer (Insurance Or Banking Domain),Công Ty TNHH LG CNS VIỆT NAM,Hà Nội,Hà Nội,Thoả thuận,,,,Trên 5 năm,5.0,8.0,Senior / Lead (>5 năm),"['Backend...', 'Nổi bật']",2,"Backend..., Nổi bật",Backend Developer,2026-09-28,https://www.topcv.vn/viec-lam/backend-engineer-insurance-or-banking-domain/2296783.html?ta_source=JobSearchList_LinkDetail&u_sr_id=JtfnZqknvv0s200otdOX2zXZcUZOLjvfUCkOKWy8_1790579620,TopCV
topcv_40c06fda9bdd,"Fullstack Developer (C#, .NET, Vuejs) - Lương Upto 40 Triệu/Tháng",Công ty Cổ phần MISA,Hà Nội,Hà Nội,Tới 40 triệu,28.0,40.0,34.0,3 năm,3.0,4.0,Middle (3-5 năm),"['3 năm kinh nghiệm...', 'Fullstack De...', 'Nổi bật', 'Vue.js']",4,"3 năm kinh nghiệm..., Fullstack De..., Nổi bật, Vue.js",Fullstack Developer,2026-09-28,https://www.topcv.vn/viec-lam/fullstack-developer-c-net-vuejs-luong-upto-40-trieu-thang/2295232.html?ta_source=JobSearchList_LinkDetail&u_sr_id=JtfnZqknvv0s200otdOX2zXZcUZOLjvfUCkOKWy8_1790579620,TopCV
topcv_b06ceaad7c3b,Senior Fullstack Java Developer (Good At English),Công Ty TNHH LG CNS VIỆT NAM,Hà Nội,Hà Nội,Thoả thuận,,,,5 năm,5.0,6.0,Senior / Lead (>5 năm),"['5 năm kinh nghiệm...', 'Java', 'Software Eng...']",3,"5 năm kinh nghiệm..., Java, Software Eng...",Backend Developer,2026-09-28,https://www.topcv.vn/viec-lam/senior-fullstack-java-developer-good-at-english/2291824.html?ta_source=JobSearchList_LinkDetail&u_sr_id=JtfnZqknvv0s200otdOX2zXZcUZOLjvfUCkOKWy8_1790579620,TopCV
topcv_4a7e7d27d4d5,CVCC Bảo Mật Ứng Dụng (Application Security Specialist / DevSecOps),CÔNG TY CỔ PHẦN LYNKID,Hà Nội,Hà Nội,Thoả thuận,,,,5 năm,5.0,6.0,Senior / Lead (>5 năm),"['5 năm kinh nghiệm...', 'Fullstack De...']",2,"5 năm kinh nghiệm..., Fullstack De...",Software Engineer (Chung),2026-09-28,https://www.topcv.vn/viec-lam/cvcc-bao-mat-ung-dung-application-security-specialist-devsecops/2312114.html?ta_source=JobSearchList_LinkDetail&u_sr_id=JtfnZqknvv0s200otdOX2zXZcUZOLjvfUCkOKWy8_1790579620,TopCV
topcv_93613865aa8d,Fullstack (NodeJS/PHP/Go),XIPAT FLEXIBLE SOLUTIONS COMPANY LIMITED,Hà Nội,Hà Nội,Thoả thuận,,,,5 năm,5.0,6.0,Senior / Lead (>5 năm),"['5 năm kinh nghiệm...', 'Fullstack De...', 'Node.js', 'PHP']",4,"5 năm kinh nghiệm..., Fullstack De..., Node.js, PHP",Backend Developer,2026-09-28,https://www.topcv.vn/viec-lam/fullstack-nodejs-php-go/2314097.html?ta_source=JobSearchList_LinkDetail&u_sr_id=JtfnZqknvv0s200otdOX2zXZcUZOLjvfUCkOKWy8_1790579620,TopCV
topcv_605c9cbc1988,(Hybrid Work) [Đà Nẵng/Hà Nội] Fullstack Developer JS/TS – Tiếng Nhật N3+ – Salary Upto $3000 – Cơ Hội Onsite Tokyo/Osaka,CÔNG TY TNHH GMO-Z.COM VIỆT NAM LAB CENTER,Đà Nẵng (mới) & Hà Nội,Hà Nội,"Tới 3,000 USD",53.3,76.2,64.8,2 năm,2.0,3.0,Middle (3-5 năm),"['2 năm kinh nghiệm...', 'Fullstack De...', 'JavaScript', 'TypeScript']",4,"2 năm kinh nghiệm..., Fullstack De..., JavaScript, TypeScript",Fullstack Developer,2026-09-28,https://www.topcv.vn/viec-lam/hybrid-work-da-nang-ha-noi-fullstack-developer-js-ts-tieng-nhat-n3-salary-upto-3000-co-hoi-onsite-tokyo-osaka/2314409.html?ta_source=JobSearchList_LinkDetail&u_sr_id=JtfnZqknvv0s200otdOX2zXZcUZOLjvfUCkOKWy8_1790579620,TopCV
topcv_af34d6c657dc,Senior Java Developer,CÔNG TY TNHH SOFTROAD,Hà Nội,Hà Nội,Tới 45 triệu,31.5,45.0,38.2,5 năm,5.0,6.0,Senior / Lead (>5 năm),"['5 năm kinh nghiệm...', 'Java', 'Software Eng...']",3,"5 năm kinh nghiệm..., Java, Software Eng...",Backend Developer,2026-09-28,https://www.topcv.vn/viec-lam/senior-java-developer/2184241.html?ta_source=JobSearchList_LinkDetail&u_sr_id=JtfnZqknvv0s200otdOX2zXZcUZOLjvfUCkOKWy8_1790579620,TopCV
topcv_fc3e377b3469,Linux System Support Engineer,Bệnh viện Thẩm mỹ Kangnam,Hà Nội,Hà Nội,15 - 25 triệu,15.0,25.0,20.0,1 năm,1.0,2.0,Junior (1-2 năm),"['1 năm kinh nghiệm...', 'Linux', 'Software Eng...']",3,"1 năm kinh nghiệm..., Linux, Software Eng...",Software Engineer (Chung),2026-09-28,https://www.topcv.vn/viec-lam/linux-system-support-engineer/2314226.html?ta_source=JobSearchList_LinkDetail&u_sr_id=JtfnZqknvv0s200otdOX2zXZcUZOLjvfUCkOKWy8_1790579620,TopCV
topcv_ac4c083d4228,Java Developer (Middle/Senior),Công ty TNHH Thương Mại và Dịch Vụ Tri Thức Mới,Hà Nội,Hà Nội,Tới 35 triệu,24.5,35.0,29.8,5 năm,5.0,6.0,Senior / Lead (>5 năm),"['5 năm kinh nghiệm...', 'Backend Deve...', 'Java']",3,"5 năm kinh nghiệm..., Backend Deve..., Java",Backend Developer,2026-09-28,https://www.topcv.vn/viec-lam/java-developer-middle-senior/2303083.html?ta_source=JobSearchList_LinkDetail&u_sr_id=JtfnZqknvv0s200otdOX2zXZcUZOLjvfUCkOKWy8_1790579620,TopCV
topcv_64ada2aa73b8,Shopify/Wordpress Developer,Solis Lab,Hà Nội,Hà Nội,Từ 15 triệu,15.0,19.5,17.2,1 năm,1.0,2.0,Junior (1-2 năm),"['1 năm kinh nghiệm...', 'Frontend Dev...']",2,"1 năm kinh nghiệm..., Frontend Dev...",Software Engineer (Chung),2026-09-28,https://www.topcv.vn/viec-lam/shopify-wordpress-developer/1481975.html?ta_source=JobSearchList_LinkDetail&u_sr_id=JtfnZqknvv0s200otdOX2zXZcUZOLjvfUCkOKWy8_1790579620,TopCV
topcv_c62ff5735ce3,Freelance Developer (Web / Platform / Game),Công Ty TNHH SKA HOLDINGS,Hồ Chí Minh (mới),Hồ Chí Minh,Thoả thuận,,,,3 năm,3.0,4.0,Middle (3-5 năm),"['3 năm kinh nghiệm...', 'Fullstack De...']",2,"3 năm kinh nghiệm..., Fullstack De...",Software Engineer (Chung),2026-09-28,https://www.topcv.vn/viec-lam/freelance-developer-web-platform-game/2221536.html?ta_source=JobSearchList_LinkDetail&u_sr_id=JtfnZqknvv0s200otdOX2zXZcUZOLjvfUCkOKWy8_1790579620,TopCV
topcv_ea1566e7b3f1,Junior Fullstack Developer (Định Hướng AI),CÔNG TY TNHH CÔNG NGHỆ UMBALABS,Hồ Chí Minh (mới),Hồ Chí Minh,Thoả thuận,,,,1 năm,1.0,2.0,Junior (1-2 năm),"['1 năm kinh nghiệm...', 'Fullstack De...']",2,"1 năm kinh nghiệm..., Fullstack De...",Fullstack Developer,2026-09-28,https://www.topcv.vn/viec-lam/junior-fullstack-developer-dinh-huong-ai/2305336.html?ta_source=JobSearchList_LinkDetail&u_sr_id=JtfnZqknvv0s200otdOX2zXZcUZOLjvfUCkOKWy8_1790579620,TopCV
topcv_b27856ab5590,Thực Tập Lập Trình Website,CÔNG TY TNHH THƯƠNG MẠI DỊCH VỤ ANHI SOLUTION,Hồ Chí Minh (mới),Hồ Chí Minh,2.5 - 8 triệu,2.5,8.0,5.2,Không yêu cầu,0.0,1.0,Fresher / Intern,['Full...'],1,Full...,Software Engineer (Chung),2026-09-28,https://www.topcv.vn/viec-lam/thuc-tap-lap-trinh-website/1894334.html?ta_source=JobSearchList_LinkDetail&u_sr_id=JtfnZqknvv0s200otdOX2zXZcUZOLjvfUCkOKWy8_1790579620,TopCV
topcv_64ba46f0047c,Java Developer (Từ 1 - 2 Năm Kinh Nghiệm),CÔNG TY CỔ PHẦN ĐẦU TƯ CÔNG NGHỆ VÀ THƯƠNG MẠI SOFTDREAMS,Hà Nội,Hà Nội,8 - 20 triệu,8.0,20.0,14.0,1 năm,1.0,2.0,Junior (1-2 năm),"['1 năm kinh nghiệm...', 'Backend Deve...', 'Java']",3,"1 năm kinh nghiệm..., Backend Deve..., Java",Backend Developer,2026-09-28,https://www.topcv.vn/viec-lam/java-developer-tu-1-2-nam-kinh-nghiem/1954519.html?ta_source=JobSearchList_LinkDetail&u_sr_id=JtfnZqknvv0s200otdOX2zXZcUZOLjvfUCkOKWy8_1790579620,TopCV
topcv_683318eb34d5,Blockchain Developer - Lương 15 - 25 Triệu + Đi Làm Ngay| Yêu Cầu 3 Năm Kinh Nghiệm,Công ty TNHH AIOZ Việt Nam,Hồ Chí Minh (mới),Hồ Chí Minh,15 - 25 triệu,15.0,25.0,20.0,3 năm,3.0,4.0,Middle (3-5 năm),"['3 năm kinh nghiệm...', 'Blockchain E...']",2,"3 năm kinh nghiệm..., Blockchain E...",Software Engineer (Chung),2026-09-28,https://www.topcv.vn/viec-lam/blockchain-developer-luong-15-25-trieu-di-lam-ngay-yeu-cau-3-nam-kinh-nghiem/2301433.html?ta_source=JobSearchList_LinkDetail&u_sr_id=JtfnZqknvv0s200otdOX2zXZcUZOLjvfUCkOKWy8_1790579620,TopCV
topcv_389855537e89,Fullstack Developer Từ 02 Năm Kinh Nghiệm (TN Lên Đến 30M+),CÔNG TY CỔ PHẦN VIỆT LONG GAME PLAY,Hà Nội,Hà Nội,20 - 30 triệu,20.0,30.0,25.0,2 năm,2.0,3.0,Middle (3-5 năm),"['2 năm kinh nghiệm...', 'Fullstack De...']",2,"2 năm kinh nghiệm..., Fullstack De...",Fullstack Developer,2026-09-28,https://www.topcv.vn/viec-lam/fullstack-developer-tu-02-nam-kinh-nghiem-tn-len-den-30m/2303679.html?ta_source=JobSearchList_LinkDetail&u_sr_id=JtfnZqknvv0s200otdOX2zXZcUZOLjvfUCkOKWy8_1790579620,TopCV
topcv_8e30388d51dd,Lập Trình Viên (.NET),CÔNG TY CỔ PHẦN TÀI NGUYÊN TRI THỨC VIỆT NĂNG,Hồ Chí Minh (mới),Hồ Chí Minh,Thoả thuận,,,,2 năm,2.0,3.0,Middle (3-5 năm),"['2 năm kinh nghiệm...', 'Software Eng...']",2,"2 năm kinh nghiệm..., Software Eng...",Software Engineer (Chung),2026-09-28,https://www.topcv.vn/brand/vnresource1209/tuyen-dung/lap-trinh-vien-net-j2303376.html?ta_source=JobSearchList_LinkDetail&u_sr_id=JtfnZqknvv0s200otdOX2zXZcUZOLjvfUCkOKWy8_1790579620,TopCV
topcv_96a9c4aceffc,Thực Tập Sinh Kỹ Thuật Phần Mềm Thu Nhập Up To 8tr,ProNGÂN HÀNG THƯƠNG MẠI CỔ PHẦN KỸ THƯƠNG VIỆT NAM,Hà Nội,Hà Nội,Thoả thuận,,,,Không yêu cầu,0.0,1.0,Fresher / Intern,['Soft...'],1,Soft...,Software Engineer (Chung),2026-09-28,https://www.topcv.vn/viec-lam/thuc-tap-sinh-ky-thuat-phan-mem-thu-nhap-up-to-8tr/2302736.html?ta_source=JobSearchList_LinkDetail&u_sr_id=JtfnZqknvv0s200otdOX2zXZcUZOLjvfUCkOKWy8_1790579620,TopCV
topcv_9ce1dbcbaf6e,Thực Tập Sinh Lập Trình Website,CÔNG TY TNHH GIÁO DỤC VÀ ĐÀO TẠO TOKI VIỆT NAM,Hồ Chí Minh (mới),Hồ Chí Minh,1 - 3 triệu,1.0,3.0,2.0,1 năm,1.0,2.0,Junior (1-2 năm),"['1 năm kinh nghiệm...', 'Software Eng...']",2,"1 năm kinh nghiệm..., Software Eng...",Software Engineer (Chung),2026-09-28,https://www.topcv.vn/viec-lam/thuc-tap-sinh-lap-trinh-website/1450852.html?ta_source=JobSearchList_LinkDetail&u_sr_id=JtfnZqknvv0s200otdOX2zXZcUZOLjvfUCkOKWy8_1790579620,TopCV
topcv_3b494aa3fbae,Senior Fullstack Developer (Frontend Focus),CÔNG TY TNHH CÔNG NGHỆ UMBALABS,Hồ Chí Minh (mới),Hồ Chí Minh,Thoả thuận,,,,3 năm,3.0,4.0,Middle (3-5 năm),"['3 năm kinh nghiệm...', 'Frontend Dev...']",2,"3 năm kinh nghiệm..., Frontend Dev...",Frontend Developer,2026-09-28,https://www.topcv.vn/viec-lam/senior-fullstack-developer-frontend-focus/2304812.html?ta_source=JobSearchList_LinkDetail&u_sr_id=JtfnZqknvv0s200otdOX2zXZcUZOLjvfUCkOKWy8_1790579620,TopCV
topcv_85e6ba4b85da,Junior/Middle Frontend Developer,CÔNG TY CỔ PHẦN ĐẦU TƯ GLOBALTECH,Hồ Chí Minh (mới),Hồ Chí Minh,Thoả thuận,,,,1 năm,1.0,2.0,Junior (1-2 năm),"['1 năm kinh nghiệm...', 'Frontend Dev...']",2,"1 năm kinh nghiệm..., Frontend Dev...",Frontend Developer,2026-09-28,https://www.topcv.vn/viec-lam/junior-middle-frontend-developer/2305890.html?ta_source=JobSearchList_LinkDetail&u_sr_id=JtfnZqknvv0s200otdOX2zXZcUZOLjvfUCkOKWy8_1790579620,TopCV
topcv_83c68facbeaf,Lập Trình Viên .NET (Thu Nhập Up To 16 Triệu/Tháng) Tại Hà Nội,CÔNG TY CỔ PHẦN TƯ VẤN QUẢN TRỊ DOANH NGHIỆP TINH VÂN,Hà Nội,Hà Nội,12 - 16 triệu,12.0,16.0,14.0,2 năm,2.0,3.0,Middle (3-5 năm),"['2 năm kinh nghiệm...', 'Fullstack De...']",2,"2 năm kinh nghiệm..., Fullstack De...",Software Engineer (Chung),2026-09-28,https://www.topcv.vn/viec-lam/lap-trinh-vien-net-thu-nhap-up-to-16-trieu-thang-tai-ha-noi/2303711.html?ta_source=JobSearchList_LinkDetail&u_sr_id=JtfnZqknvv0s200otdOX2zXZcUZOLjvfUCkOKWy8_1790579620,TopCV
topcv_26f7bd2ddece,Java Developer - Onsite Dự Án Bank - Từ 2 Năm KN - Thu Nhập Up To 26M Gross,Công ty Cổ phần Giải pháp Công nghệ TTC Việt Nam,Hà Nội,Hà Nội,Tới 26 triệu,18.2,26.0,22.1,2 năm,2.0,3.0,Middle (3-5 năm),"['2 năm kinh nghiệm...', 'Backend Deve...', 'Java']",3,"2 năm kinh nghiệm..., Backend Deve..., Java",Backend Developer,2026-09-28,https://www.topcv.vn/viec-lam/java-developer-onsite-du-an-bank-tu-2-nam-kn-thu-nhap-up-to-26m-gross/2301341.html?ta_source=JobSearchList_LinkDetail&u_sr_id=JtfnZqknvv0s200otdOX2zXZcUZOLjvfUCkOKWy8_1790579620,TopCV
topcv_f88fabad7b9e,Senior Flutter Developer,CÔNG TY CỔ PHẦN TƯ VẤN CÔNG NGHỆ NGS,Hà Nội,Hà Nội,Thoả thuận,,,,Trên 5 năm,5.0,8.0,Senior / Lead (>5 năm),['Mobile ...'],1,Mobile ...,Mobile Developer,2026-09-28,https://www.topcv.vn/viec-lam/senior-flutter-developer/2300648.html?ta_source=JobSearchList_LinkDetail&u_sr_id=JtfnZqknvv0s200otdOX2zXZcUZOLjvfUCkOKWy8_1790579620,TopCV
topcv_4d7342b89ffa,Nhân Viên Business Analyst,CÔNG TY CỔ PHẦN TINASOFT VIỆT NAM,Hà Nội,Hà Nội,10 - 22 triệu,10.0,22.0,16.0,1 năm,1.0,2.0,Junior (1-2 năm),"['1 năm kinh nghiệm...', 'Software Eng...']",2,"1 năm kinh nghiệm..., Software Eng...",Software Engineer (Chung),2026-09-28,https://www.topcv.vn/viec-lam/nhan-vien-business-analyst/2270608.html?ta_source=JobSearchList_LinkDetail&u_sr_id=JtfnZqknvv0s200otdOX2zXZcUZOLjvfUCkOKWy8_1790579620,TopCV
topcv_8dd672108275,Lập Trình Viên .Net,CÔNG TY TNHH CÔNG NGHỆ EZCLOUD TOÀN CẦU,Hà Nội,Hà Nội,10 - 15 triệu,10.0,15.0,12.5,1 năm,1.0,2.0,Junior (1-2 năm),"['1 năm kinh nghiệm...', 'Backend Deve...']",2,"1 năm kinh nghiệm..., Backend Deve...",Software Engineer (Chung),2026-09-28,https://www.topcv.vn/viec-lam/lap-trinh-vien-net/1962115.html?ta_source=JobSearchList_LinkDetail&u_sr_id=JtfnZqknvv0s200otdOX2zXZcUZOLjvfUCkOKWy8_1790579620,TopCV
topcv_9e8640de4aa2,"Frontend Developer (React, TypeScript)",AS SOLUTIONS,Hồ Chí Minh (mới),Hồ Chí Minh,10 - 21 triệu,10.0,21.0,15.5,Không yêu cầu,0.0,1.0,Fresher / Intern,"['Fron...', 'React', 'TypeScript']",3,"Fron..., React, TypeScript",Frontend Developer,2026-09-28,https://www.topcv.vn/viec-lam/frontend-developer-react-typescript/2311776.html?ta_source=JobSearchList_LinkDetail&u_sr_id=JtfnZqknvv0s200otdOX2zXZcUZOLjvfUCkOKWy8_1790579620,TopCV
topcv_72ec67a449c4,Fresher Mobile Developer (Android/ IOS),CÔNG TY TNHH BRALY,Hà Nội,Hà Nội,8 - 12 triệu,8.0,12.0,10.0,Dưới 1 năm,0.0,1.0,Fresher / Intern,['Mobile ...'],1,Mobile ...,Mobile Developer,2026-09-28,https://www.topcv.vn/viec-lam/fresher-mobile-developer-android-ios/2303965.html?ta_source=JobSearchList_LinkDetail&u_sr_id=JtfnZqknvv0s200otdOX2zXZcUZOLjvfUCkOKWy8_1790579620,TopCV
topcv_e5e8bb5ff8a1,Lập Trình Viên FRONTEND,CÔNG TY CỔ PHẦN GIẢI PHÁP CÔNG NGHỆ CARO,Hà Nội,Hà Nội,15 - 25 triệu,15.0,25.0,20.0,2 năm,2.0,3.0,Middle (3-5 năm),"['2 năm kinh nghiệm...', 'Frontend Dev...']",2,"2 năm kinh nghiệm..., Frontend Dev...",Frontend Developer,2026-09-28,https://www.topcv.vn/viec-lam/lap-trinh-vien-frontend/2309690.html?ta_source=JobSearchList_LinkDetail&u_sr_id=JtfnZqknvv0s200otdOX2zXZcUZOLjvfUCkOKWy8_1790579620,TopCV
topcv_6ed152952022,Lập Trình Viên PHP ( PHP Full Stack Laravel ) Lương Từ 15-22tr,ProCÔNG TY CỔ PHẦN TẦM NHÌN QUỐC TẾ ALADDIN,Hà Nội,Hà Nội,15 - 22 triệu,15.0,22.0,18.5,2 năm,2.0,3.0,Middle (3-5 năm),"['2 năm kinh nghiệm...', 'Fullstack De...', 'PHP']",3,"2 năm kinh nghiệm..., Fullstack De..., PHP",Backend Developer,2026-09-28,https://www.topcv.vn/viec-lam/lap-trinh-vien-php-php-full-stack-laravel-luong-tu-15-22tr/2303979.html?ta_source=JobSearchList_LinkDetail&u_sr_id=JtfnZqknvv0s200otdOX2zXZcUZOLjvfUCkOKWy8_1790579620,TopCV
topcv_b5a717653a59,Middle Full-Stack Developer (Thu Nhập 15-17 Triệu/Tháng) Tại Hà Nội,Công ty Cổ phần Truyền thông ATT Việt Nam,Hà Nội,Hà Nội,15 - 17 triệu,15.0,17.0,16.0,2 năm,2.0,3.0,Middle (3-5 năm),"['2 năm kinh nghiệm...', 'Fullstack De...']",2,"2 năm kinh nghiệm..., Fullstack De...",Fullstack Developer,2026-09-28,https://www.topcv.vn/viec-lam/middle-full-stack-developer-thu-nhap-15-17-trieu-thang-tai-ha-noi/2306185.html?ta_source=JobSearchList_LinkDetail&u_sr_id=JtfnZqknvv0s200otdOX2zXZcUZOLjvfUCkOKWy8_1790579620,TopCV
topcv_7e4371f7804e,Software Engineer,Công ty Cổ phần Công nghệ Bằng Hữu,Hà Nội,Hà Nội,25 - 30 triệu,25.0,30.0,27.5,1 năm,1.0,2.0,Junior (1-2 năm),"['1 năm kinh nghiệm...', 'Software Eng...']",2,"1 năm kinh nghiệm..., Software Eng...",Software Engineer (Chung),2026-09-28,https://www.topcv.vn/viec-lam/software-engineer/2301282.html?ta_source=JobSearchList_LinkDetail&u_sr_id=JtfnZqknvv0s200otdOX2zXZcUZOLjvfUCkOKWy8_1790579620,TopCV
topcv_379b9a198e21,"Fresher Web Developer (C#, .NET) - (Jetpay, A Member Company Of MISA)",ProCông ty Cổ phần MISA,Hà Nội,Hà Nội,Tới 4 triệu,2.8,4.0,3.4,Không yêu cầu,0.0,1.0,Fresher / Intern,['Full...'],1,Full...,Frontend Developer,2026-09-28,https://www.topcv.vn/brand/misa/tuyen-dung/fresher-web-developer-c-net-jetpay-a-member-company-of-misa-j2306531.html?ta_source=JobSearchList_LinkDetail&u_sr_id=JtfnZqknvv0s200otdOX2zXZcUZOLjvfUCkOKWy8_1790579632,TopCV
topcv_1f4d19dcfa99,Chuyên Viên Phát Triển Phần Mềm Java,Công ty Cổ phần The First One,Hà Nội,Hà Nội,35 - 45 triệu,35.0,45.0,40.0,4 năm,4.0,5.0,Middle (3-5 năm),"['4 năm kinh nghiệm...', 'Fullstack De...', 'Java']",3,"4 năm kinh nghiệm..., Fullstack De..., Java",Backend Developer,2026-09-28,https://www.topcv.vn/viec-lam/chuyen-vien-phat-trien-phan-mem-java/2302913.html?ta_source=JobSearchList_LinkDetail&u_sr_id=JtfnZqknvv0s200otdOX2zXZcUZOLjvfUCkOKWy8_1790579632,TopCV
topcv_b30b560a248c,Senior Fullstack Developer (Backend Focus),CÔNG TY TNHH CÔNG NGHỆ UMBALABS,Hồ Chí Minh (mới),Hồ Chí Minh,Thoả thuận,,,,3 năm,3.0,4.0,Middle (3-5 năm),"['3 năm kinh nghiệm...', 'Fullstack De...']",2,"3 năm kinh nghiệm..., Fullstack De...",Backend Developer,2026-09-28,https://www.topcv.vn/viec-lam/senior-fullstack-developer-backend-focus/2304779.html?ta_source=JobSearchList_LinkDetail&u_sr_id=JtfnZqknvv0s200otdOX2zXZcUZOLjvfUCkOKWy8_1790579632,TopCV
topcv_dec2b98dbdfc,Nhân Viên Front-End Developer,Công ty Cổ phần Đầu tư Mobino,Hà Nội,Hà Nội,Thoả thuận,,,,1 năm,1.0,2.0,Junior (1-2 năm),"['1 năm kinh nghiệm...', 'Frontend Dev...']",2,"1 năm kinh nghiệm..., Frontend Dev...",Frontend Developer,2026-09-28,https://www.topcv.vn/viec-lam/nhan-vien-front-end-developer/2311690.html?ta_source=JobSearchList_LinkDetail&u_sr_id=JtfnZqknvv0s200otdOX2zXZcUZOLjvfUCkOKWy8_1790579632,TopCV
topcv_5c468fcd9099,"Senior .Net Developer (C#, Lĩnh Vực Bank/Fintech/Ví Thanh Toán)",CÔNG TY CỔ PHẦN LYNKID,Hà Nội,Hà Nội,Thoả thuận,,,,5 năm,5.0,6.0,Senior / Lead (>5 năm),"['5 năm kinh nghiệm...', 'Backend Deve...']",2,"5 năm kinh nghiệm..., Backend Deve...",Software Engineer (Chung),2026-09-28,https://www.topcv.vn/viec-lam/senior-net-developer-c-linh-vuc-bank-fintech-vi-thanh-toan/2306080.html?ta_source=JobSearchList_LinkDetail&u_sr_id=JtfnZqknvv0s200otdOX2zXZcUZOLjvfUCkOKWy8_1790579632,TopCV
topcv_e6caa5ed2bd9,Mobile Developer,Công ty Cổ phần Ứng dụng Phần mềm Mobio Việt Nam,Hà Nội,Hà Nội,Thoả thuận,,,,5 năm,5.0,6.0,Senior / Lead (>5 năm),"['5 năm kinh nghiệm...', 'Mobile Devel...']",2,"5 năm kinh nghiệm..., Mobile Devel...",Mobile Developer,2026-09-28,https://www.topcv.vn/viec-lam/mobile-developer/2196607.html?ta_source=JobSearchList_LinkDetail&u_sr_id=JtfnZqknvv0s200otdOX2zXZcUZOLjvfUCkOKWy8_1790579632,TopCV
topcv_0f5b1a0fa57d,Lập Trình Viên Python,CÔNG TY TNHH CÔNG NGHỆ S3WORK,Hồ Chí Minh (mới),Hồ Chí Minh,Thoả thuận,,,,1 năm,1.0,2.0,Junior (1-2 năm),"['1 năm kinh nghiệm...', 'Backend Deve...', 'Python']",3,"1 năm kinh nghiệm..., Backend Deve..., Python",Software Engineer (Chung),2026-09-28,https://www.topcv.vn/viec-lam/lap-trinh-vien-python/2307911.html?ta_source=JobSearchList_LinkDetail&u_sr_id=JtfnZqknvv0s200otdOX2zXZcUZOLjvfUCkOKWy8_1790579632,TopCV
topcv_6f8399fd7236,Middle Fullstack Developer (Java) | Từ 3 Năm Kinh Nghiệm,CÔNG TY CỔ PHẦN ĐẦU TƯ CÔNG NGHỆ VÀ THƯƠNG MẠI SOFTDREAMS,Hà Nội,Hà Nội,Thoả thuận,,,,3 năm,3.0,4.0,Middle (3-5 năm),"['3 năm kinh nghiệm...', 'Fullstack De...', 'Java']",3,"3 năm kinh nghiệm..., Fullstack De..., Java",Backend Developer,2026-09-28,https://www.topcv.vn/viec-lam/middle-fullstack-developer-java-tu-3-nam-kinh-nghiem/2267342.html?ta_source=JobSearchList_LinkDetail&u_sr_id=JtfnZqknvv0s200otdOX2zXZcUZOLjvfUCkOKWy8_1790579632,TopCV
topcv_94f24e4393b2,Nhân Viên Java Backend - Up To 20M,Công ty cổ phần công nghệ ứng dụng Arabica Việt Nam,Hà Nội,Hà Nội,Thoả thuận,,,,1 năm,1.0,2.0,Junior (1-2 năm),"['1 năm kinh nghiệm...', 'Backend Deve...', 'Java']",3,"1 năm kinh nghiệm..., Backend Deve..., Java",Backend Developer,2026-09-28,https://www.topcv.vn/viec-lam/nhan-vien-java-backend-up-to-20m/2308010.html?ta_source=JobSearchList_LinkDetail&u_sr_id=JtfnZqknvv0s200otdOX2zXZcUZOLjvfUCkOKWy8_1790579632,TopCV
topcv_5f11e5745cd1,Senior Mobile Developer,ProCÔNG TY TNHH XUẤT NHẬP KHẨU PHÁT TRIỂN ĐÔNG DƯƠNG - TẬP ĐOÀN THỂ THAO KINGSPORT,Hồ Chí Minh (mới),Hồ Chí Minh,Thoả thuận,,,,5 năm,5.0,6.0,Senior / Lead (>5 năm),"['5 năm kinh nghiệm...', 'Mobile Devel...']",2,"5 năm kinh nghiệm..., Mobile Devel...",Mobile Developer,2026-09-28,https://www.topcv.vn/viec-lam/senior-mobile-developer/2307455.html?ta_source=JobSearchList_LinkDetail&u_sr_id=JtfnZqknvv0s200otdOX2zXZcUZOLjvfUCkOKWy8_1790579632,TopCV
topcv_209c4da8392a,Backend Developer,CÔNG TY CỔ PHẦN GIẢI PHÁP CÔNG NGHỆ CARO,Hà Nội,Hà Nội,Thoả thuận,,,,3 năm,3.0,4.0,Middle (3-5 năm),"['3 năm kinh nghiệm...', 'Backend Deve...']",2,"3 năm kinh nghiệm..., Backend Deve...",Backend Developer,2026-09-28,https://www.topcv.vn/viec-lam/backend-developer/2307270.html?ta_source=JobSearchList_LinkDetail&u_sr_id=JtfnZqknvv0s200otdOX2zXZcUZOLjvfUCkOKWy8_1790579632,TopCV
topcv_88f0cdf391f1,Senior Backend Engineer (Python / Data),CÔNG TY TNHH CÔNG NGHỆ UMBALABS,Hồ Chí Minh (mới),Hồ Chí Minh,Thoả thuận,,,,3 năm,3.0,4.0,Middle (3-5 năm),"['3 năm kinh nghiệm...', 'Backend Deve...', 'Python']",3,"3 năm kinh nghiệm..., Backend Deve..., Python",Backend Developer,2026-09-28,https://www.topcv.vn/viec-lam/senior-backend-engineer-python-data/2304761.html?ta_source=JobSearchList_LinkDetail&u_sr_id=JtfnZqknvv0s200otdOX2zXZcUZOLjvfUCkOKWy8_1790579632,TopCV
topcv_3619aff3da52,Thực Tập Sinh Lập Trình Viên,CÔNG TY TNHH AI POWER,Hồ Chí Minh (mới),Hồ Chí Minh,Thoả thuận,,,,Không yêu cầu,0.0,1.0,Fresher / Intern,['Full...'],1,Full...,Software Engineer (Chung),2026-09-28,https://www.topcv.vn/viec-lam/thuc-tap-sinh-lap-trinh-vien/1564631.html?ta_source=JobSearchList_LinkDetail&u_sr_id=JtfnZqknvv0s200otdOX2zXZcUZOLjvfUCkOKWy8_1790579632,TopCV
topcv_3ed124858bff,Thực Tập Backend (Golang),CÔNG TY CỔ PHẦN THƯƠNG MẠI DỊCH VỤ CÔNG NGHỆ BIZITRIP,Hồ Chí Minh (mới),Hồ Chí Minh,Thoả thuận,,,,Không yêu cầu,0.0,1.0,Fresher / Intern,"['Back...', 'Golang']",2,"Back..., Golang",Backend Developer,2026-09-28,https://www.topcv.vn/viec-lam/thuc-tap-backend-golang/1626825.html?ta_source=JobSearchList_LinkDetail&u_sr_id=JtfnZqknvv0s200otdOX2zXZcUZOLjvfUCkOKWy8_1790579632,TopCV
topcv_33b5ceaedfa3,Java Developer (Ai-Driven Development),ProSHINHAN FINANCE,Hồ Chí Minh (mới),Hồ Chí Minh,Thoả thuận,,,,2 năm,2.0,3.0,Middle (3-5 năm),"['2 năm kinh nghiệm...', 'Java', 'Software Eng...']",3,"2 năm kinh nghiệm..., Java, Software Eng...",Backend Developer,2026-09-28,https://www.topcv.vn/brand/shinhanfinance1/tuyen-dung/java-developer-ai-driven-development-j2309427.html?ta_source=JobSearchList_LinkDetail&u_sr_id=JtfnZqknvv0s200otdOX2zXZcUZOLjvfUCkOKWy8_1790579632,TopCV
topcv_c4fdc39d9da0,Java Developer / Fullstack Developer,Công Ty Cổ Phần GoGroup,Hà Nội,Hà Nội,18 - 22 triệu,18.0,22.0,20.0,2 năm,2.0,3.0,Middle (3-5 năm),"['2 năm kinh nghiệm...', 'Fullstack De...', 'Java']",3,"2 năm kinh nghiệm..., Fullstack De..., Java",Backend Developer,2026-09-28,https://www.topcv.vn/viec-lam/java-developer-fullstack-developer/2310942.html?ta_source=JobSearchList_LinkDetail&u_sr_id=JtfnZqknvv0s200otdOX2zXZcUZOLjvfUCkOKWy8_1790579632,TopCV
topcv_3ebaf672feb1,Backend Developer (Golang),AS SOLUTIONS,Hồ Chí Minh (mới),Hồ Chí Minh,10 - 28 triệu,10.0,28.0,19.0,Dưới 1 năm,0.0,1.0,Fresher / Intern,"['Backend...', 'Golang']",2,"Backend..., Golang",Backend Developer,2026-09-28,https://www.topcv.vn/viec-lam/backend-developer-golang/1664006.html?ta_source=JobSearchList_LinkDetail&u_sr_id=JtfnZqknvv0s200otdOX2zXZcUZOLjvfUCkOKWy8_1790579632,TopCV
topcv_d1ae8e434368,Fresher Software Engineer Tại Nhật (N3),CÔNG TY CỔ PHẦN ĐẦU TƯ VÀ GIẢI PHÁP VIETIS,Hà Nội,Hà Nội,Thoả thuận,,,,Không yêu cầu,0.0,1.0,Fresher / Intern,['Soft...'],1,Soft...,Software Engineer (Chung),2026-09-28,https://www.topcv.vn/viec-lam/fresher-software-engineer-tai-nhat-n3/2307742.html?ta_source=JobSearchList_LinkDetail&u_sr_id=JtfnZqknvv0s200otdOX2zXZcUZOLjvfUCkOKWy8_1790579632,TopCV
topcv_97644f642bf2,Backend Developer (NodeJs/TypeScript) - AI Agent,CÔNG TY CỔ PHẦN CÔNG NGHỆ SAVA META,Hà Nội,Hà Nội,Tới 50 triệu,35.0,50.0,42.5,Trên 5 năm,5.0,8.0,Senior / Lead (>5 năm),"['Backend...', 'Node.js', 'TypeScript']",3,"Backend..., Node.js, TypeScript",Backend Developer,2026-09-28,https://www.topcv.vn/viec-lam/backend-developer-nodejs-typescript-ai-agent/2237509.html?ta_source=JobSearchList_LinkDetail&u_sr_id=JtfnZqknvv0s200otdOX2zXZcUZOLjvfUCkOKWy8_1790579632,TopCV
topcv_4efa65fb2c30,Kỹ Sư Mobile,Công Ty Cổ Phần Công Nghiệp Weldcom,Hà Nội,Hà Nội,20 - 25 triệu,20.0,25.0,22.5,2 năm,2.0,3.0,Middle (3-5 năm),"['2 năm kinh nghiệm...', 'Mobile Devel...']",2,"2 năm kinh nghiệm..., Mobile Devel...",Mobile Developer,2026-09-28,https://www.topcv.vn/viec-lam/ky-su-mobile/2309180.html?ta_source=JobSearchList_LinkDetail&u_sr_id=JtfnZqknvv0s200otdOX2zXZcUZOLjvfUCkOKWy8_1790579632,TopCV
topcv_c002316d83b4,Middle Java Backend Developer,Công ty TNHH Dịch vụ công nghệ TP,Hà Nội,Hà Nội,Thoả thuận,,,,3 năm,3.0,4.0,Middle (3-5 năm),"['3 năm kinh nghiệm...', 'Backend Deve...', 'Java']",3,"3 năm kinh nghiệm..., Backend Deve..., Java",Backend Developer,2026-09-28,https://www.topcv.vn/viec-lam/middle-java-backend-developer/2311778.html?ta_source=JobSearchList_LinkDetail&u_sr_id=JtfnZqknvv0s200otdOX2zXZcUZOLjvfUCkOKWy8_1790579632,TopCV
topcv_d2ea5a29d107,Mobile Developer – Flutter/Android Native,CÔNG TY CỔ PHẦN PHẦN MỀM TERRABYTE,Hà Nội,Hà Nội,18 - 23 triệu,18.0,23.0,20.5,2 năm,2.0,3.0,Middle (3-5 năm),"['2 năm kinh nghiệm...', 'Mobile Devel...']",2,"2 năm kinh nghiệm..., Mobile Devel...",Mobile Developer,2026-09-28,https://www.topcv.vn/viec-lam/mobile-developer-flutter-android-native/2254728.html?ta_source=JobSearchList_LinkDetail&u_sr_id=JtfnZqknvv0s200otdOX2zXZcUZOLjvfUCkOKWy8_1790579632,TopCV
topcv_e3a82ee1d00f,Software Developer (C++/Golang),AS SOLUTIONS,Hồ Chí Minh (mới),Hồ Chí Minh,10 - 28 triệu,10.0,28.0,19.0,Không yêu cầu,0.0,1.0,Fresher / Intern,"['Golang', 'Soft...']",2,"Golang, Soft...",Backend Developer,2026-09-28,https://www.topcv.vn/viec-lam/software-developer-c-golang/1637012.html?ta_source=JobSearchList_LinkDetail&u_sr_id=JtfnZqknvv0s200otdOX2zXZcUZOLjvfUCkOKWy8_1790579632,TopCV
topcv_a167b4e8c9aa,"Java Developer (Spring Boot, Kafka, Product), Nghỉ Thứ 7 Chủ Nhật",ProCông ty cổ phần công nghệ - viễn thông Elcom,Hà Nội,Hà Nội,Thoả thuận,,,,2 năm,2.0,3.0,Middle (3-5 năm),"['2 năm kinh nghiệm...', 'Apache Kafka', 'Backend Deve...', 'Java', 'Spring Boot']",5,"2 năm kinh nghiệm..., Apache Kafka, Backend Deve..., Java, Spring Boot",Backend Developer,2026-09-28,https://www.topcv.vn/brand/elcom/tuyen-dung/java-developer-spring-boot-kafka-product-nghi-thu-7-chu-nhat-j2222082.html?ta_source=JobSearchList_LinkDetail&u_sr_id=JtfnZqknvv0s200otdOX2zXZcUZOLjvfUCkOKWy8_1790579632,TopCV
topcv_8acdfadf08b5,Security Mobile Developer,AS SOLUTIONS,Hồ Chí Minh (mới),Hồ Chí Minh,Thoả thuận,,,,1 năm,1.0,2.0,Junior (1-2 năm),"['1 năm kinh nghiệm...', 'Mobile Devel...']",2,"1 năm kinh nghiệm..., Mobile Devel...",Mobile Developer,2026-09-28,https://www.topcv.vn/viec-lam/security-mobile-developer/2310365.html?ta_source=JobSearchList_LinkDetail&u_sr_id=JtfnZqknvv0s200otdOX2zXZcUZOLjvfUCkOKWy8_1790579632,TopCV
topcv_0bf5bb2242fd,Middle Fullstack Engineer,Công ty Cổ phần GEM,Hà Nội,Hà Nội,Thoả thuận,,,,4 năm,4.0,5.0,Middle (3-5 năm),"['4 năm kinh nghiệm...', 'Fullstack De...']",2,"4 năm kinh nghiệm..., Fullstack De...",Fullstack Developer,2026-09-28,https://www.topcv.vn/viec-lam/middle-fullstack-engineer/2311756.html?ta_source=JobSearchList_LinkDetail&u_sr_id=JtfnZqknvv0s200otdOX2zXZcUZOLjvfUCkOKWy8_1790579632,TopCV
topcv_989459432889,Java Backend,ProTỔNG CÔNG TY CỔ PHẦN BƯU CHÍNH VIETTEL,Hà Nội,Hà Nội,20 - 70 triệu,20.0,70.0,45.0,2 năm,2.0,3.0,Middle (3-5 năm),"['2 năm kinh nghiệm...', 'Backend Deve...', 'Java']",3,"2 năm kinh nghiệm..., Backend Deve..., Java",Backend Developer,2026-09-28,https://www.topcv.vn/viec-lam/java-backend/1206532.html?ta_source=JobSearchList_LinkDetail&u_sr_id=JtfnZqknvv0s200otdOX2zXZcUZOLjvfUCkOKWy8_1790579632,TopCV
topcv_702f66a3ee8c,Java Backend Developer (Upto 45 Triệu),CÔNG TY TNHH SOFTROAD,Hà Nội,Hà Nội,Tới 60 triệu,42.0,60.0,51.0,3 năm,3.0,4.0,Middle (3-5 năm),"['3 năm kinh nghiệm...', 'Backend Deve...', 'Java']",3,"3 năm kinh nghiệm..., Backend Deve..., Java",Backend Developer,2026-09-28,https://www.topcv.vn/viec-lam/java-backend-developer-upto-45-trieu/2252368.html?ta_source=JobSearchList_LinkDetail&u_sr_id=JtfnZqknvv0s200otdOX2zXZcUZOLjvfUCkOKWy8_1790579632,TopCV
topcv_8b7f07714f02,"Lập Trình Viên .NET (Product, Microservice)",Công ty Cổ phần Công nghệ KiotViet,Hà Nội,Hà Nội,25 - 40 triệu,25.0,40.0,32.5,3 năm,3.0,4.0,Middle (3-5 năm),"['3 năm kinh nghiệm...', 'Fullstack De...']",2,"3 năm kinh nghiệm..., Fullstack De...",Software Engineer (Chung),2026-09-28,https://www.topcv.vn/viec-lam/lap-trinh-vien-net-product-microservice/2307529.html?ta_source=JobSearchList_LinkDetail&u_sr_id=JtfnZqknvv0s200otdOX2zXZcUZOLjvfUCkOKWy8_1790579632,TopCV
topcv_51520096b851,Thực Tập Sinh Backend Developer- Hải Phòng - Được Đào Tạo Phát Triển Nghề,CÔNG TY CỔ PHẦN GIFTY TECH,Hải Phòng (mới),Tỉnh thành khác,Thoả thuận,,,,Dưới 1 năm,0.0,1.0,Fresher / Intern,['Backend...'],1,Backend...,Backend Developer,2026-09-28,https://www.topcv.vn/viec-lam/thuc-tap-sinh-backend-developer-hai-phong-duoc-dao-tao-phat-trien-nghe/2312260.html?ta_source=JobSearchList_LinkDetail&u_sr_id=JtfnZqknvv0s200otdOX2zXZcUZOLjvfUCkOKWy8_1790579632,TopCV
topcv_aa107d80737f,Shopify Developer (Từ 2 Năm Kinh Nghiệm),CÔNG TY TNHH TIMIND,Hà Nội,Hà Nội,Tới 40 triệu,28.0,40.0,34.0,2 năm,2.0,3.0,Middle (3-5 năm),"['2 năm kinh nghiệm...', 'Software Eng...']",2,"2 năm kinh nghiệm..., Software Eng...",Software Engineer (Chung),2026-09-28,https://www.topcv.vn/viec-lam/shopify-developer-tu-2-nam-kinh-nghiem/2309600.html?ta_source=JobSearchList_LinkDetail&u_sr_id=JtfnZqknvv0s200otdOX2zXZcUZOLjvfUCkOKWy8_1790579632,TopCV
topcv_6de9441e926d,Senior Backend Developer,CÔNG TY TNHH MỘT THÀNH VIÊN AN NINH MẠNG VIETTEL,Hà Nội,Hà Nội,Thoả thuận,,,,5 năm,5.0,6.0,Senior / Lead (>5 năm),"['5 năm kinh nghiệm...', 'Backend Deve...']",2,"5 năm kinh nghiệm..., Backend Deve...",Backend Developer,2026-09-28,https://www.topcv.vn/viec-lam/senior-backend-developer/2295308.html?ta_source=JobSearchList_LinkDetail&u_sr_id=JtfnZqknvv0s200otdOX2zXZcUZOLjvfUCkOKWy8_1790579632,TopCV
topcv_5571d0850d65,Java Development Assistant Manager (Ai-Driven Development),ProSHINHAN FINANCE,Hồ Chí Minh (mới),Hồ Chí Minh,Thoả thuận,,,,4 năm,4.0,5.0,Middle (3-5 năm),"['1 năm kinh nghiệm...', '4 năm kinh nghi...', 'Java']",3,"1 năm kinh nghiệm..., 4 năm kinh nghi..., Java",Backend Developer,2026-09-28,https://www.topcv.vn/brand/shinhanfinance1/tuyen-dung/java-development-assistant-manager-ai-driven-development-j2309461.html?ta_source=JobSearchList_LinkDetail&u_sr_id=JtfnZqknvv0s200otdOX2zXZcUZOLjvfUCkOKWy8_1790579632,TopCV
topcv_9b3e83631e4c,[Junior+] Automotive Embedded Software Engineer,Công ty Cổ phần Vietsol,Hồ Chí Minh (mới),Hồ Chí Minh,Thoả thuận,,,,1 năm,1.0,2.0,Junior (1-2 năm),"['1 năm kinh nghiệm...', 'Software Eng...']",2,"1 năm kinh nghiệm..., Software Eng...",Software Engineer (Chung),2026-09-28,https://www.topcv.vn/viec-lam/junior-automotive-embedded-software-engineer/2096587.html?ta_source=JobSearchList_LinkDetail&u_sr_id=JtfnZqknvv0s200otdOX2zXZcUZOLjvfUCkOKWy8_1790579632,TopCV
topcv_ae98ee460cb7,Kỹ Sư Phát Triển Phần Mềm Java,ProCÔNG TY CỔ PHẦN TẬP ĐOÀN NAGAKAWA,Hà Nội,Hà Nội,Thoả thuận,,,,3 năm,3.0,4.0,Middle (3-5 năm),"['3 năm kinh nghiệm...', 'Backend Deve...', 'Java']",3,"3 năm kinh nghiệm..., Backend Deve..., Java",Backend Developer,2026-09-28,https://www.topcv.vn/viec-lam/ky-su-phat-trien-phan-mem-java/2159976.html?ta_source=JobSearchList_LinkDetail&u_sr_id=JtfnZqknvv0s200otdOX2zXZcUZOLjvfUCkOKWy8_1790579632,TopCV
topcv_2a440ab2d951,"Android Application Developer (Mảng Automotive) - Trên 3 Năm Kinh Nghiệm, Thành Thạo Java/Kotlin)",Công ty Cổ phần Vietsol,Hồ Chí Minh (mới),Hồ Chí Minh,Thoả thuận,,,,3 năm,3.0,4.0,Middle (3-5 năm),"['3 năm kinh nghiệm...', 'Java', 'Kotlin', 'Software Eng...']",4,"3 năm kinh nghiệm..., Java, Kotlin, Software Eng...",Backend Developer,2026-09-28,https://www.topcv.vn/viec-lam/android-application-developer-mang-automotive-tren-3-nam-kinh-nghiem-thanh-thao-java-kotlin/2313727.html?ta_source=JobSearchList_LinkDetail&u_sr_id=JtfnZqknvv0s200otdOX2zXZcUZOLjvfUCkOKWy8_1790579632,TopCV
topcv_3f8dfa550341,.Net Developer (2-3 Năm Kinh Nghiệm),CÔNG TY CỔ PHẦN ĐẦU TƯ CÔNG NGHỆ VÀ THƯƠNG MẠI SOFTDREAMS,Hà Nội,Hà Nội,Thoả thuận,,,,2 năm,2.0,3.0,Middle (3-5 năm),"['2 năm kinh nghiệm...', 'Backend Deve...']",2,"2 năm kinh nghiệm..., Backend Deve...",Software Engineer (Chung),2026-09-28,https://www.topcv.vn/viec-lam/net-developer-2-3-nam-kinh-nghiem/2104374.html?ta_source=JobSearchList_LinkDetail&u_sr_id=JtfnZqknvv0s200otdOX2zXZcUZOLjvfUCkOKWy8_1790579632,TopCV
topcv_6bd4beba2236,Middle Android Developer,CÔNG TY CỔ PHẦN IKAME GLOBAL,Hà Nội,Hà Nội,Thoả thuận,,,,2 năm,2.0,3.0,Middle (3-5 năm),"['2 năm kinh nghiệm...', 'Mobile Devel...']",2,"2 năm kinh nghiệm..., Mobile Devel...",Mobile Developer,2026-09-28,https://www.topcv.vn/viec-lam/middle-android-developer/2263456.html?ta_source=JobSearchList_LinkDetail&u_sr_id=JtfnZqknvv0s200otdOX2zXZcUZOLjvfUCkOKWy8_1790579632,TopCV
topcv_44418361717a,".NET Developer (Product, Microservices, AI Full Luồng SDLC)",Công ty Cổ phần Công nghệ KiotViet,Hà Nội,Hà Nội,30 - 40 triệu,30.0,40.0,35.0,3 năm,3.0,4.0,Middle (3-5 năm),"['3 năm kinh nghiệm...', 'Fullstack De...']",2,"3 năm kinh nghiệm..., Fullstack De...",Software Engineer (Chung),2026-09-28,https://www.topcv.vn/viec-lam/net-developer-product-microservices-ai-full-luong-sdlc/2307682.html?ta_source=JobSearchList_LinkDetail&u_sr_id=JtfnZqknvv0s200otdOX2zXZcUZOLjvfUCkOKWy8_1790579632,TopCV
topcv_66ec4f638d75,Fullstack Developer,CÔNG TY TNHH TRUESON APAC,Hồ Chí Minh (mới),Hồ Chí Minh,Thoả thuận,,,,2 năm,2.0,3.0,Middle (3-5 năm),"['2 năm kinh nghiệm...', 'Fullstack De...']",2,"2 năm kinh nghiệm..., Fullstack De...",Fullstack Developer,2026-09-28,https://www.topcv.vn/viec-lam/fullstack-developer/2282475.html?ta_source=JobSearchList_LinkDetail&u_sr_id=JtfnZqknvv0s200otdOX2zXZcUZOLjvfUCkOKWy8_1790579632,TopCV
topcv_1e510a72018e,Ruby On Rails,CÔNG TY TNHH MUMESOFT INNOVATION,Hà Nội,Hà Nội,Thoả thuận,,,,3 năm,3.0,4.0,Middle (3-5 năm),"['3 năm kinh nghiệm...', 'Fullstack De...', 'Ruby']",3,"3 năm kinh nghiệm..., Fullstack De..., Ruby",Software Engineer (Chung),2026-09-28,https://www.topcv.vn/viec-lam/ruby-on-rails/2062219.html?ta_source=JobSearchList_LinkDetail&u_sr_id=JtfnZqknvv0s200otdOX2zXZcUZOLjvfUCkOKWy8_1790579632,TopCV
topcv_2cc2899cd5f0,Mobile (IOS) Leader,2NF Software,Hà Nội,Hà Nội,20 - 30 triệu,20.0,30.0,25.0,4 năm,4.0,5.0,Middle (3-5 năm),"['4 năm kinh nghiệm...', 'Mobile Devel...']",2,"4 năm kinh nghiệm..., Mobile Devel...",Mobile Developer,2026-09-28,https://www.topcv.vn/viec-lam/mobile-ios-leader/2312718.html?ta_source=JobSearchList_LinkDetail&u_sr_id=JtfnZqknvv0s200otdOX2zXZcUZOLjvfUCkOKWy8_1790579632,TopCV
topcv_4edd3398256b,Leader Dotnet/ReactJS,Công ty TNHH phần mềm 2NF,Hà Nội,Hà Nội,Tới 35 triệu,24.5,35.0,29.8,4 năm,4.0,5.0,Middle (3-5 năm),"['4 năm kinh nghiệm...', 'C# / .NET', 'Fullstack De...', 'React']",4,"4 năm kinh nghiệm..., C# / .NET, Fullstack De..., React",Software Engineer (Chung),2026-09-28,https://www.topcv.vn/viec-lam/leader-dotnet-reactjs/2313128.html?ta_source=JobSearchList_LinkDetail&u_sr_id=JtfnZqknvv0s200otdOX2zXZcUZOLjvfUCkOKWy8_1790579632,TopCV
topcv_3c0c55514d63,Leader Java,LIFESUP,Hà Nội,Hà Nội,35 - 50 triệu,35.0,50.0,42.5,5 năm,5.0,6.0,Senior / Lead (>5 năm),"['5 năm kinh nghiệm...', 'Backend Deve...', 'Java']",3,"5 năm kinh nghiệm..., Backend Deve..., Java",Backend Developer,2026-09-28,https://www.topcv.vn/viec-lam/leader-java/1184995.html?ta_source=JobSearchList_LinkDetail&u_sr_id=JtfnZqknvv0s200otdOX2zXZcUZOLjvfUCkOKWy8_1790579632,TopCV
topcv_dc644a99b9f9,Angular Developer  (Lead),CÔNG TY CỔ PHẦN CÔNG NGHỆ ALPHAWAY,Hà Nội,Hà Nội,23 - 35 triệu,23.0,35.0,29.0,4 năm,4.0,5.0,Middle (3-5 năm),"['4 năm kinh nghiệm...', 'Angular', 'Frontend Dev...']",3,"4 năm kinh nghiệm..., Angular, Frontend Dev...",Frontend Developer,2026-09-28,https://www.topcv.vn/viec-lam/angular-developer-lead/2312498.html?ta_source=JobSearchList_LinkDetail&u_sr_id=JtfnZqknvv0s200otdOX2zXZcUZOLjvfUCkOKWy8_1790579632,TopCV
topcv_f74ff82af74b,Mobile IOS Developer Lead,CÔNG TY CỔ PHẦN CÔNG NGHỆ ALPHAWAY,Hà Nội,Hà Nội,Thoả thuận,,,,3 năm,3.0,4.0,Middle (3-5 năm),"['3 năm kinh nghiệm...', 'Mobile Devel...']",2,"3 năm kinh nghiệm..., Mobile Devel...",Mobile Developer,2026-09-28,https://www.topcv.vn/viec-lam/mobile-ios-developer-lead/2139338.html?ta_source=JobSearchList_LinkDetail&u_sr_id=JtfnZqknvv0s200otdOX2zXZcUZOLjvfUCkOKWy8_1790579632,TopCV
topcv_9d806faeb39d,Java Developer Lead,CÔNG TY CỔ PHẦN CÔNG NGHỆ ALPHAWAY,Hồ Chí Minh (mới),Hồ Chí Minh,Thoả thuận,,,,4 năm,4.0,5.0,Middle (3-5 năm),"['4 năm kinh nghiệm...', 'Backend Deve...', 'Java']",3,"4 năm kinh nghiệm..., Backend Deve..., Java",Backend Developer,2026-09-28,https://www.topcv.vn/viec-lam/java-developer-lead/2137455.html?ta_source=JobSearchList_LinkDetail&u_sr_id=JtfnZqknvv0s200otdOX2zXZcUZOLjvfUCkOKWy8_1790579632,TopCV
topcv_ea0a5fe885f2,Senior Quality Engineer (Test Engineer),ProVNDIRECT,Hà Nội,Hà Nội,Thoả thuận,,,,Trên 5 năm,5.0,8.0,Senior / Lead (>5 năm),['Softwar...'],1,Softwar...,Software Engineer (Chung),2026-09-28,https://www.topcv.vn/viec-lam/senior-quality-engineer-test-engineer/2169972.html?ta_source=JobSearchList_LinkDetail&u_sr_id=JtfnZqknvv0s200otdOX2zXZcUZOLjvfUCkOKWy8_1790579632,TopCV
topcv_c93bc639133f,IOS Developer (Lead),CÔNG TY CỔ PHẦN CÔNG NGHỆ ALPHAWAY,Hà Nội,Hà Nội,20 - 29 triệu,20.0,29.0,24.5,3 năm,3.0,4.0,Middle (3-5 năm),"['3 năm kinh nghiệm...', 'Mobile Devel...']",2,"3 năm kinh nghiệm..., Mobile Devel...",Mobile Developer,2026-09-28,https://www.topcv.vn/viec-lam/ios-developer-lead/2309668.html?ta_source=JobSearchList_LinkDetail&u_sr_id=JtfnZqknvv0s200otdOX2zXZcUZOLjvfUCkOKWy8_1790579632,TopCV
sim_fc2e3525,Senior Java Developer,VNPT IT,Remote,Remote / Toàn quốc,35 - 55 triệu,35.0,55.0,45.0,4-6 năm,4.0,6.0,Senior / Lead (>5 năm),"['Apache Kafka', 'Docker', 'Git', 'Java', 'Jira', 'Linux', 'Microservices', 'MySQL', 'Spring Boot']",9,"Apache Kafka, Docker, Git, Java, Jira, Linux, Microservices, MySQL, Spring Boot",Backend Developer,2026-09-28,https://recruitment.mock.vn/job/sim_fc2e3525,EnrichedMarketData
sim_eb67a903,DevOps Engineer,Shopee Vietnam,Remote,Remote / Toàn quốc,25 - 50 triệu,25.0,50.0,37.5,2-5 năm,2.0,5.0,Middle (3-5 năm),"['AWS', 'CI/CD', 'Docker', 'Kubernetes', 'Linux', 'Prometheus', 'Redis', 'Terraform']",8,"AWS, CI/CD, Docker, Kubernetes, Linux, Prometheus, Redis, Terraform",DevOps / Cloud Engineer,2026-09-06,https://recruitment.mock.vn/job/sim_eb67a903,EnrichedMarketData
sim_86a8cbac,Senior Java Developer,NashTech Vietnam,Remote,Remote / Toàn quốc,Thỏa thuận,,,,4-6 năm,4.0,6.0,Senior / Lead (>5 năm),"['Apache Kafka', 'Docker', 'Java', 'Jira', 'Linux', 'Microservices', 'MySQL', 'Redis', 'Spring Boot']",9,"Apache Kafka, Docker, Java, Jira, Linux, Microservices, MySQL, Redis, Spring Boot",Backend Developer,2026-09-04,https://recruitment.mock.vn/job/sim_86a8cbac,EnrichedMarketData
sim_a2ad2839,Fresher / Intern Software Engineer,Orient Software,Hồ Chí Minh,Hồ Chí Minh,Thỏa thuận,,,,Không yêu cầu,0.0,1.0,Fresher / Intern,"['C++', 'CI/CD', 'Data Structures', 'Git', 'Java', 'Jira', 'Linux', 'OOP', 'SQL']",9,"C++, CI/CD, Data Structures, Git, Java, Jira, Linux, OOP, SQL",Backend Developer,2026-09-17,https://recruitment.mock.vn/job/sim_a2ad2839,EnrichedMarketData
sim_9732735b,Fresher / Intern Software Engineer,KMS Technology,Hồ Chí Minh,Hồ Chí Minh,1582 - 2117 USD,40.2,53.8,47.0,Không yêu cầu,0.0,1.0,Fresher / Intern,"['C++', 'CI/CD', 'Data Structures', 'Git', 'Java', 'OOP', 'SQL']",7,"C++, CI/CD, Data Structures, Git, Java, OOP, SQL",Backend Developer,2026-09-17,https://recruitment.mock.vn/job/sim_9732735b,EnrichedMarketData
sim_ec47aab6,Frontend Developer (ReactJS/TypeScript),Orient Software,Hà Nội,Hà Nội,18 - 30 triệu,18.0,30.0,24.0,2-4 năm,2.0,4.0,Middle (3-5 năm),"['HTML/CSS', 'RESTful API', 'React', 'Redux', 'TypeScript']",5,"HTML/CSS, RESTful API, React, Redux, TypeScript",Frontend Developer,2026-08-30,https://recruitment.mock.vn/job/sim_ec47aab6,EnrichedMarketData
sim_efbaa28a,Fullstack .NET & Angular Developer,Shopee Vietnam,Hà Nội,Hà Nội,18 - 36 triệu,18.0,36.0,27.0,2-4 năm,2.0,4.0,Middle (3-5 năm),"['.NET Core', 'Angular', 'Azure', 'C#', 'Docker', 'Entity Framework', 'Redis', 'SQL']",8,".NET Core, Angular, Azure, C#, Docker, Entity Framework, Redis, SQL",Frontend Developer,2026-09-28,https://recruitment.mock.vn/job/sim_efbaa28a,EnrichedMarketData
